Todofuken,Area,Dan Chi Name,Total Fee,Nearest station by Walk,Best case by Walk (minute),Worst case by Walk (minute),Nearest station by Bus,Best case by Bus (minute),Worst case by Bus (minute),Address,Building Name,Building Structure,Floor,Elevator,Room Num,Room Type,Floor Space,Max Floor,Rent,Common Fee,Shikikin,Systems,availableDate,Room Link,Traffic
tokyo,harumi,勝どきビュータワー,279400,,,,,,,中央区勝どき1-8-1,,鉄筋コンクリート造一部鉄骨造,37,N,3706号室,1LDK,63,55,271000,8400,2か月,['近居割'],随時,https://www.ur-net.go.jp/chintai/kanto/tokyo/20_7140_room.html?JKSS=000003706,<li>都営大江戸線「勝どき」駅 徒歩1分</li>
tokyo,kitasenju,花畑,69800,,,,,,,足立区花畑5,45号棟,鉄筋コンクリート造,2,N,207号室,3K,43,5,66100,3700,2か月,"['近居割', '近居割WIDE']",随時,https://www.ur-net.go.jp/chintai/kanto/tokyo/20_1170_room.html?JKSS=000045207,<li>東武伊勢崎線「竹ノ塚」駅バス9～15分 徒歩2～8分</li><li>東武伊勢崎線「谷塚」駅 徒歩17～24分</li>
tokyo,kitasenju,花畑,70100,,,,,,,足立区花畑5,26号棟,鉄筋コンクリート造,5,N,504号室,2DK,43,5,66400,3700,2か月,"['近居割', '近居割WIDE']",随時,https://www.ur-net.go.jp/chintai/kanto/tokyo/20_1170_room.html?JKSS=000026504,<li>東武伊勢崎線「竹ノ塚」駅バス9～15分 徒歩2～8分</li><li>東武伊勢崎線「谷塚」駅 徒歩17～24分</li>
tokyo,kitasenju,竹の塚第一,70200,,,,,,,足立区竹の塚3-11ほか,4号棟,鉄筋コンクリート造,5,N,503号室,2DK,40,5,67100,3100,2か月,['近居割'],随時,https://www.ur-net.go.jp/chintai/kanto/tokyo/20_1300_room.html?JKSS=000004503,<li>東武伊勢崎線「竹ノ塚」駅 徒歩11～16分</li><li>東武伊勢崎線「竹ノ塚」駅バス2～3分 徒歩2～7分</li><li>JR常磐線「北千住」駅バス16～18分 徒歩1～5分</li>
tokyo,kitasenju,竹の塚第一,72200,,,,,,,足立区竹の塚3-11ほか,12号棟,鉄筋コンクリート造,4,N,403号室,2DK,40,5,69100,3100,2か月,['近居割'],随時,https://www.ur-net.go.jp/chintai/kanto/tokyo/20_1300_room.html?JKSS=000012403,<li>東武伊勢崎線「竹ノ塚」駅 徒歩11～16分</li><li>東武伊勢崎線「竹ノ塚」駅バス2～3分 徒歩2～7分</li><li>JR常磐線「北千住」駅バス16～18分 徒歩1～5分</li>
tokyo,kitasenju,竹の塚第一,74900,,,,,,,足立区竹の塚3-11ほか,23号棟,鉄筋コンクリート造,3,N,308号室,2DK,40,5,71800,3100,2か月,['近居割'],随時,https://www.ur-net.go.jp/chintai/kanto/tokyo/20_1300_room.html?JKSS=000023308,<li>東武伊勢崎線「竹ノ塚」駅 徒歩11～16分</li><li>東武伊勢崎線「竹ノ塚」駅バス2～3分 徒歩2～7分</li><li>JR常磐線「北千住」駅バス16～18分 徒歩1～5分</li>
tokyo,kitasenju,竹の塚第一,79400,,,,,,,足立区竹の塚3-11ほか,2号棟,鉄筋コンクリート造,3,N,304号室,2DK,40,5,76300,3100,2か月,['近居割'],随時,https://www.ur-net.go.jp/chintai/kanto/tokyo/20_1300_room.html?JKSS=000002304,<li>東武伊勢崎線「竹ノ塚」駅 徒歩11～16分</li><li>東武伊勢崎線「竹ノ塚」駅バス2～3分 徒歩2～7分</li><li>JR常磐線「北千住」駅バス16～18分 徒歩1～5分</li>
tokyo,kitasenju,竹の塚第一,86400,,,,,,,足立区竹の塚3-11ほか,6号棟,鉄筋コンクリート造,4,N,406号室,3DK,50,5,83300,3100,2か月,['近居割'],随時,https://www.ur-net.go.jp/chintai/kanto/tokyo/20_1300_room.html?JKSS=000006406,<li>東武伊勢崎線「竹ノ塚」駅 徒歩11～16分</li><li>東武伊勢崎線「竹ノ塚」駅バス2～3分 徒歩2～7分</li><li>JR常磐線「北千住」駅バス16～18分 徒歩1～5分</li>
tokyo,kitasenju,竹の塚第二,76200,,,,,,,足立区竹の塚1-5ほか,9号棟,鉄筋コンクリート造,4,N,406号室,2DK,41,4,72100,4100,2か月,['近居割'],随時,https://www.ur-net.go.jp/chintai/kanto/tokyo/20_1310_room.html?JKSS=000009406,<li>東武伊勢崎線「竹ノ塚」駅 徒歩6～12分</li>
tokyo,kitasenju,竹の塚第二,86100,,,,,,,足立区竹の塚1-5ほか,26号棟,鉄筋コンクリート造,5,N,504号室,3DK,50,5,82000,4100,2か月,['近居割'],随時,https://www.ur-net.go.jp/chintai/kanto/tokyo/20_1310_room.html?JKSS=000026504,<li>東武伊勢崎線「竹ノ塚」駅 徒歩6～12分</li>
tokyo,kitasenju,江北六丁目,78600,,,,,,,足立区江北6-30ほか,27-6号棟,鉄筋コンクリート造,4,N,405号室,2DK,41,5,75300,3300,2か月,['近居割'],随時,https://www.ur-net.go.jp/chintai/kanto/tokyo/20_2160_room.html?JKSS=027006405,<li>日暮里舎人ライナー「西新井大師西」駅 徒歩2～6分</li><li>東武伊勢崎線「西新井」駅バス9分 徒歩2～6分</li>
tokyo,kitasenju,栗原,79670,,,,,,,足立区栗原2-5ほか,2号棟,鉄筋コンクリート造,3,N,306号室,2DK,40,5,75400,4270,2か月,['近居割'],随時,https://www.ur-net.go.jp/chintai/kanto/tokyo/20_1600_room.html?JKSS=000002306,<li>東武伊勢崎線「西新井」駅 徒歩8～13分</li>
tokyo,kitasenju,栗原,83580,,,,,,,足立区栗原2-5ほか,21号棟,鉄筋コンクリート造,5,N,504号室,2DK,43,8,79800,3780,2か月,['近居割'],随時,https://www.ur-net.go.jp/chintai/kanto/tokyo/20_1600_room.html?JKSS=000021504,<li>東武伊勢崎線「西新井」駅 徒歩8～13分</li>
tokyo,kitasenju,大谷田一丁目,81500,,,,,,,足立区大谷田1-1,10号棟,鉄筋コンクリート造,3,N,303号室,2DK,49,11,77800,3700,2か月,"['近居割', '近居割WIDE']",随時,https://www.ur-net.go.jp/chintai/kanto/tokyo/20_2810_room.html?JKSS=000100303,<li>JR常盤線「亀有」駅 徒歩18～23分</li><li>JR常磐線「亀有」駅バス3分 徒歩2～4分</li><li>東京メトロ千代田線「北綾瀬」駅 徒歩16～19分</li>
tokyo,kitasenju,大谷田一丁目,125100,,,,,,,足立区大谷田1-1,7号棟,鉄筋コンクリート造,12,N,1225号室,3LDK,92,14,121400,3700,2か月,"['近居割', '近居割WIDE']",随時,https://www.ur-net.go.jp/chintai/kanto/tokyo/20_2810_room.html?JKSS=000071225,<li>JR常盤線「亀有」駅 徒歩18～23分</li><li>JR常磐線「亀有」駅バス3分 徒歩2～4分</li><li>東京メトロ千代田線「北綾瀬」駅 徒歩16～19分</li>
tokyo,kitasenju,フレール西新井中央公園,106000,,,,,,,足立区西新井3-16ほか,5号棟,鉄筋コンクリート造,8,N,810号室,1DK,44,9,100900,5100,2か月,['近居割'],随時,https://www.ur-net.go.jp/chintai/kanto/tokyo/20_7050_room.html?JKSS=000050810,<li>日暮里舎人ライナー「谷在家」駅 徒歩12～14分</li><li>東武大師線「大師前」駅 徒歩16～18分</li>
tokyo,kitasenju,フレール西新井中央公園,110800,,,,,,,足立区西新井3-16ほか,6号棟,鉄筋コンクリート造,3,N,304号室,2DK,50,9,105700,5100,2か月,['近居割'],随時,https://www.ur-net.go.jp/chintai/kanto/tokyo/20_7050_room.html?JKSS=000060304,<li>日暮里舎人ライナー「谷在家」駅 徒歩12～14分</li><li>東武大師線「大師前」駅 徒歩16～18分</li>
tokyo,kitasenju,フレール西新井中央公園,114000,,,,,,,足立区西新井3-16ほか,6号棟,鉄筋コンクリート造,7,N,705号室,2DK,50,9,108900,5100,2か月,['近居割'],随時,https://www.ur-net.go.jp/chintai/kanto/tokyo/20_7050_room.html?JKSS=000060705,<li>日暮里舎人ライナー「谷在家」駅 徒歩12～14分</li><li>東武大師線「大師前」駅 徒歩16～18分</li>
tokyo,kitasenju,フレール西新井第二,115590,,,,,,,足立区西新井2-5ほか,1号棟,鉄筋コンクリート造,4,N,405号室,1DK,47,6,110300,5290,2か月,['近居割'],随時,https://www.ur-net.go.jp/chintai/kanto/tokyo/20_6420_room.html?JKSS=000010405,<li>東武大師線「大師前」駅 徒歩9～12分</li><li>日暮里舎人ライナー「西新井大師西」駅 徒歩14～16分</li><li>東武伊勢崎線「西新井」駅 徒歩16～19分</li>
tokyo,kitasenju,フレール西新井第二,145090,,,,,,,足立区西新井2-5ほか,7号棟,鉄筋コンクリート造,7,N,707号室,3LDK,68,8,139800,5290,2か月,['近居割'],随時,https://www.ur-net.go.jp/chintai/kanto/tokyo/20_6420_room.html?JKSS=000070707,<li>東武大師線「大師前」駅 徒歩9～12分</li><li>日暮里舎人ライナー「西新井大師西」駅 徒歩14～16分</li><li>東武伊勢崎線「西新井」駅 徒歩16～19分</li>
tokyo,aoto,すまいる亀有,81300,,,,,,,葛飾区亀有1-10,3号棟,鉄筋コンクリート造,3,N,301号室,1DK,31,7,74400,6900,2か月,"['近居割', '近居割WIDE']",随時,https://www.ur-net.go.jp/chintai/kanto/tokyo/20_4481_room.html?JKSS=000030301,<li>JR常磐線「亀有」駅 徒歩13～18分</li><li>JR常磐線「亀有」駅バス5分 徒歩2～4分</li><li>京成本線「青砥」駅 徒歩20～22分</li>
tokyo,aoto,アーバンライフ東新小岩,97100,,,,,,,葛飾区東新小岩3-8,3号棟,鉄筋コンクリート造,7,N,701号室,1DK,31,7,92800,4300,2か月,['近居割'],随時,https://www.ur-net.go.jp/chintai/kanto/tokyo/20_5020_room.html?JKSS=000030701,<li>JR総武線快速「新小岩」駅 徒歩9～11分</li><li>JR総武線「新小岩」駅 徒歩9～11分</li>
tokyo,aoto,アーバンライフ東新小岩,103700,,,,,,,葛飾区東新小岩3-8,6号棟,鉄筋コンクリート造,3,N,306号室,1DK,37,8,99400,4300,2か月,"['近居割', 'シルバーピア']",随時,https://www.ur-net.go.jp/chintai/kanto/tokyo/20_5020_room.html?JKSS=000060306,<li>JR総武線快速「新小岩」駅 徒歩9～11分</li><li>JR総武線「新小岩」駅 徒歩9～11分</li>
tokyo,kinshicho,エステート東新小岩,104700,<li>JR総武線快速「新小岩」駅,17,19,,,,葛飾区東新小岩2-9ほか,6号棟,鉄筋コンクリート造,5,N,506号室,3LDK,69,5,101700,3000,2か月,['近居割'],随時,https://www.ur-net.go.jp/chintai/kanto/tokyo/20_3420_room.html?JKSS=000060506,<li>JR総武線快速「新小岩」駅 徒歩17～19分 またはバス4分 徒歩2～3分</li><li>JR総武線「新小岩」駅 徒歩17～19分</li>
tokyo,aoto,青戸第一,156200,,,,,,,葛飾区青戸3-19ほか,12号棟,鉄筋コンクリート造,2,N,204号室,3LDK,67,7,150600,5600,2か月,"['近居割', '近居割WIDE']",随時,https://www.ur-net.go.jp/chintai/kanto/tokyo/20_4911_room.html?JKSS=000120204,<li>京成本線「青砥」駅 徒歩4～9分</li><li>京成押上線「青砥」駅 徒歩4～9分</li>
tokyo,kyodo,エステート千歳希望ヶ丘【シルバーピア（高齢者向け住宅）】,132100,,,,,,,世田谷区船橋7-8-4,4号棟,鉄筋コンクリート造,4,N,406号室,1DK,47,4,122200,9900,2か月,['シルバーピア'],随時,https://www.ur-net.go.jp/chintai/kanto/tokyo/20_4560_room.html?JKSS=000040406,<li>小田急小田原線｢千歳船橋｣駅バス7分 徒歩1分</li><li>京王線｢八幡山｣駅バス9分 徒歩2分</li><li>小田急小田原線｢千歳船橋｣駅 徒歩21分</li>
tokyo,kyodo,成城通りパークウエスト,145300,,,,<li>小田急小田原線「成城学園前」駅,9,10,世田谷区上祖師谷4-2,3号棟,鉄筋コンクリート造,3,N,312号室,1LDK,52,5,141500,3800,2か月,['近居割'],随時,https://www.ur-net.go.jp/chintai/kanto/tokyo/20_4600_room.html?JKSS=000030312,<li>小田急小田原線「成城学園前」駅バス7分 徒歩2～3分 または「成城学園前」駅 徒歩21分</li><li>京王線「千歳烏山」駅バス12分 徒歩2～3分</li>
tokyo,kyodo,成城通りパークウエスト,208400,,,,<li>小田急小田原線「成城学園前」駅,9,10,世田谷区上祖師谷4-2,3号棟,鉄筋コンクリート造,4,N,414号室,3LDK,82,5,204600,3800,2か月,['近居割'],随時,https://www.ur-net.go.jp/chintai/kanto/tokyo/20_4600_room.html?JKSS=000030414,<li>小田急小田原線「成城学園前」駅バス7分 徒歩2～3分 または「成城学園前」駅 徒歩21分</li><li>京王線「千歳烏山」駅バス12分 徒歩2～3分</li>
tokyo,chitosekarasuyama,シティコート世田谷給田,154200,,,,,,,世田谷区給田5-8-5,C号棟,鉄筋コンクリート造,8,N,808号室,2LDK,64,10,146100,8100,2か月,['近居割'],随時,https://www.ur-net.go.jp/chintai/kanto/tokyo/20_5780_room.html?JKSS=000C00808,<li>京王線「千歳烏山」駅バス4分 徒歩2～4分</li><li>京王線「仙川」駅 徒歩15～18分</li>
tokyo,hikarigaoka,むつみ台,88200,,,,,,,練馬区光が丘1-1ほか,3号棟,鉄筋コンクリート造,4,N,417号室,2DK,45,10,84300,3900,2か月,"['近居割', '近居割WIDE']",随時,https://www.ur-net.go.jp/chintai/kanto/tokyo/20_2410_room.html?JKSS=000030417,<li>東京メトロ有楽町線「地下鉄赤塚」駅 徒歩6～8分</li><li>東武東上線「下赤塚」駅 徒歩7～10分</li><li>都営大江戸線「光が丘」駅 徒歩21～22分</li>
tokyo,hibarigaoka,パークサイド石神井,129700,,,,,,,練馬区石神井台3-26 ほか,8号棟,鉄筋コンクリート造,2,N,204号室,2DK,51,7,120200,9500,2か月,['近居割'],随時,https://www.ur-net.go.jp/chintai/kanto/tokyo/20_5250_room.html?JKSS=000080204,<li>西武池袋線「大泉学園」駅 徒歩15～19分</li><li>西武池袋線「大泉学園」駅バス4分 徒歩6～9分</li><li>西武池袋線「石神井公園」駅 徒歩18～21分</li>
tokyo,hikarigaoka,光が丘パークタウン 大通り南,137700,,,,,,,練馬区光が丘7-3ほか,7-2号棟,鉄筋コンクリート造及び鉄骨鉄筋コンクリート造,6,N,608号室,3DK,66,14,133000,4700,2か月,"['近居割', '近居割WIDE']",随時,https://www.ur-net.go.jp/chintai/kanto/tokyo/20_3690_room.html?JKSS=070200608,<li>都営大江戸線「光が丘」駅 徒歩5～9分</li><li>東京メトロ有楽町線「地下鉄成増」駅バス9分 徒歩3～7分</li><li>東武東上線「成増」駅バス10分 徒歩3～7分</li>
tokyo,chitosekarasuyama,シャレール荻窪,155100,<li>JR中央線「荻窪」駅,13,17,,,,杉並区荻窪3-7,12号棟,鉄筋コンクリート造,3,N,302号室,1DK,45,4,149700,5400,2か月,['近居割'],随時,https://www.ur-net.go.jp/chintai/kanto/tokyo/20_7130_room.html?JKSS=000120302,<li>JR中央線「荻窪」駅 徒歩13～17分 またはバス6分 徒歩1～3分</li><li>東京メトロ丸ノ内線「南阿佐ケ谷」駅 徒歩14～17分</li>
tokyo,oji,神谷堀公園ハイツ,172000,,,,,,,北区神谷1-3,1-3-3号棟,鉄骨鉄筋コンクリート造,7,N,712号室,4DK,71,15,168500,3500,2か月,"['近居割', '近居割WIDE']",随時,https://www.ur-net.go.jp/chintai/kanto/tokyo/20_4200_room.html?JKSS=103030712,<li>東京メトロ南北線「王子神谷」駅 徒歩5～6分</li><li>JR京浜東北・根岸線「東十条」駅 徒歩12～14分</li>
tokyo,takashimadaira,新蓮根,79600,,,,,,,板橋区蓮根2-30ほか,2号棟,鉄筋コンクリート造,7,N,701号室,1DK,29,8,75600,4000,2か月,['近居割'],随時,https://www.ur-net.go.jp/chintai/kanto/tokyo/20_4760_room.html?JKSS=000020701,<li>都営三田線「蓮根」駅 徒歩3～7分</li><li>都営三田線「西台」駅 徒歩4～8分</li>
tokyo,hikarigaoka,アーバンライフゆりの木通り東,166900,,,,,,,練馬区田柄2-42、板橋区赤塚新町3-34,3-34-1号棟,鉄筋コンクリート造,2,N,204号室,2LDK,67,5,160900,6000,2か月,"['近居割', '近居割WIDE']",随時,https://www.ur-net.go.jp/chintai/kanto/tokyo/20_4590_room.html?JKSS=334010204,<li>東京メトロ有楽町線「地下鉄赤塚」駅 徒歩3～4分</li><li>東武東上線「下赤塚」駅 徒歩6～7分</li><li>都営大江戸線「光が丘」駅 徒歩24～25分</li>
tokyo,hachioji,館ヶ丘,47500,,,,,,,八王子市館町1097,2-1号棟,鉄筋コンクリート造,7,N,708号室,1DK,35,8,44200,3300,2か月,"['近居割', '近居割WIDE']",随時,https://www.ur-net.go.jp/chintai/kanto/tokyo/20_2600_room.html?JKSS=002010708,<li>JR中央線「高尾」駅バス7分 徒歩1～11分</li><li>京王高尾線「高尾」駅バス7分 徒歩1～11分</li><li>JR中央本線「高尾」駅 徒歩29～38分</li>
tokyo,hachioji,館ヶ丘,55600,,,,,,,八王子市館町1097,3-3号棟,鉄筋コンクリート造,5,N,501号室,3K,48,5,52300,3300,2か月,"['近居割', '近居割WIDE']",随時,https://www.ur-net.go.jp/chintai/kanto/tokyo/20_2600_room.html?JKSS=003030501,<li>JR中央線「高尾」駅バス7分 徒歩1～11分</li><li>京王高尾線「高尾」駅バス7分 徒歩1～11分</li><li>JR中央本線「高尾」駅 徒歩29～38分</li>
tokyo,hachioji,館ヶ丘,59600,,,,,,,八王子市館町1097,3-9号棟,鉄筋コンクリート造,1,N,101号室,2LDK,48,5,56300,3300,2か月,"['近居割', '近居割WIDE']",随時,https://www.ur-net.go.jp/chintai/kanto/tokyo/20_2600_room.html?JKSS=003090101,<li>JR中央線「高尾」駅バス7分 徒歩1～11分</li><li>京王高尾線「高尾」駅バス7分 徒歩1～11分</li><li>JR中央本線「高尾」駅 徒歩29～38分</li>
tokyo,hachioji,館ヶ丘,65100,,,,,,,八王子市館町1097,1-11号棟,鉄筋コンクリート造,4,N,406号室,2LDK,53,5,61800,3300,2か月,"['近居割', '近居割WIDE']",随時,https://www.ur-net.go.jp/chintai/kanto/tokyo/20_2600_room.html?JKSS=001110406,<li>JR中央線「高尾」駅バス7分 徒歩1～11分</li><li>京王高尾線「高尾」駅バス7分 徒歩1～11分</li><li>JR中央本線「高尾」駅 徒歩29～38分</li>
tokyo,nagayama,多摩ニュータウン　松が谷,66000,,,,,,,八王子市松が谷27ほか,27-4号棟,鉄筋コンクリート造,5,N,503号室,3K,53,5,61000,5000,2か月,"['近居割', '近居割WIDE']",随時,https://www.ur-net.go.jp/chintai/kanto/tokyo/20_2720_room.html?JKSS=027040503,<li>多摩都市モノレール「松が谷」駅 徒歩5～8分</li><li>京王相模原線「京王多摩センター」駅・小田急多摩線「小田急多摩センター」駅・多摩都市モノレール「多摩センター」駅バス5分 徒歩2～4分</li>
tokyo,nagayama,多摩ニュータウン　松が谷,71400,,,,,,,八王子市松が谷27ほか,30-3号棟,鉄筋コンクリート造,3,N,304号室,3K,53,5,66400,5000,2か月,"['近居割', '近居割WIDE']",随時,https://www.ur-net.go.jp/chintai/kanto/tokyo/20_2720_room.html?JKSS=030030304,<li>多摩都市モノレール「松が谷」駅 徒歩5～8分</li><li>京王相模原線「京王多摩センター」駅・小田急多摩線「小田急多摩センター」駅・多摩都市モノレール「多摩センター」駅バス5分 徒歩2～4分</li>
tokyo,nagayama,多摩ニュータウン　松が谷,75100,,,,,,,八王子市松が谷27ほか,27-4号棟,鉄筋コンクリート造,2,N,206号室,3K,53,5,70100,5000,2か月,"['近居割', '近居割WIDE']",随時,https://www.ur-net.go.jp/chintai/kanto/tokyo/20_2720_room.html?JKSS=027040206,<li>多摩都市モノレール「松が谷」駅 徒歩5～8分</li><li>京王相模原線「京王多摩センター」駅・小田急多摩線「小田急多摩センター」駅・多摩都市モノレール「多摩センター」駅バス5分 徒歩2～4分</li>
tokyo,nagayama,多摩ニュータウン　松が谷,117700,,,,,,,八王子市松が谷27ほか,27-2号棟,鉄筋コンクリート造,1,N,101号室,4DK,89,5,112700,5000,2か月,"['近居割', '近居割WIDE']",随時,https://www.ur-net.go.jp/chintai/kanto/tokyo/20_2720_room.html?JKSS=027020101,<li>多摩都市モノレール「松が谷」駅 徒歩5～8分</li><li>京王相模原線「京王多摩センター」駅・小田急多摩線「小田急多摩センター」駅・多摩都市モノレール「多摩センター」駅バス5分 徒歩2～4分</li>
tokyo,nagayama,多摩ニュータウン　松が谷,117700,,,,,,,八王子市松が谷27ほか,27-2号棟,鉄筋コンクリート造,1,N,104号室,4DK,89,5,112700,5000,2か月,"['近居割', '近居割WIDE']",随時,https://www.ur-net.go.jp/chintai/kanto/tokyo/20_2720_room.html?JKSS=027020104,<li>多摩都市モノレール「松が谷」駅 徒歩5～8分</li><li>京王相模原線「京王多摩センター」駅・小田急多摩線「小田急多摩センター」駅・多摩都市モノレール「多摩センター」駅バス5分 徒歩2～4分</li>
tokyo,kumegawa,立川幸町,60250,,,,,,,立川市幸町4-52-1,11号棟,鉄筋コンクリート造,4,N,405号室,2DK,41,5,57300,2950,2か月,"['近居割', '近居割WIDE']",随時,https://www.ur-net.go.jp/chintai/kanto/tokyo/20_2130_room.html?JKSS=000011405,<li>多摩都市モノレール「玉川上水」駅 徒歩15～21分</li><li>西武拝島線「東大和市」駅 徒歩16～21分</li><li>JR中央線「立川」駅バス20分 徒歩3～6分</li>
tokyo,mitaka,サンヴァリエ桜堤,145630,<li>JR中央線「武蔵境」駅,13,23,,,,武蔵野市桜堤1-1ほか,13号棟,鉄筋コンクリート造,4,N,405号室,1LDK,53,10,139900,5730,2か月,"['近居割', '近居割WIDE']",随時,https://www.ur-net.go.jp/chintai/kanto/tokyo/20_5970_room.html?JKSS=000130405,<li>JR中央線「武蔵境」駅 徒歩13～23分 またはバス4～6分 徒歩1～5分</li><li>西武新宿線「田無」駅バス12分 徒歩5～11分</li><li>JR中央線「東小金井」駅 徒歩18～25分</li>
tokyo,mitaka,サンヴァリエ桜堤,153530,<li>JR中央線「武蔵境」駅,13,23,,,,武蔵野市桜堤1-1ほか,13号棟,鉄筋コンクリート造,9,N,904号室,1K,57,10,147800,5730,2か月,"['近居割', '近居割WIDE']",随時,https://www.ur-net.go.jp/chintai/kanto/tokyo/20_5970_room.html?JKSS=000130904,<li>JR中央線「武蔵境」駅 徒歩13～23分 またはバス4～6分 徒歩1～5分</li><li>西武新宿線「田無」駅バス12分 徒歩5～11分</li><li>JR中央線「東小金井」駅 徒歩18～25分</li>
tokyo,mitaka,サンヴァリエ桜堤,157230,<li>JR中央線「武蔵境」駅,13,23,,,,武蔵野市桜堤1-1ほか,13号棟,鉄筋コンクリート造,8,N,802号室,1LDK,57,10,151500,5730,2か月,"['近居割', '近居割WIDE']",随時,https://www.ur-net.go.jp/chintai/kanto/tokyo/20_5970_room.html?JKSS=000130802,<li>JR中央線「武蔵境」駅 徒歩13～23分 またはバス4～6分 徒歩1～5分</li><li>西武新宿線「田無」駅バス12分 徒歩5～11分</li><li>JR中央線「東小金井」駅 徒歩18～25分</li>
tokyo,chofu,神代,115570,,,,,,,調布市西つつじヶ丘4-23、狛江市西野川1-25,43号棟,鉄筋コンクリート造,5,N,502号室,4DK,63,5,112500,3070,2か月,['近居割'],随時,https://www.ur-net.go.jp/chintai/kanto/tokyo/20_1320_room.html?JKSS=000043502,<li>京王線「つつじケ丘」駅 徒歩7～19分</li><li>小田急小田原線「成城学園前」駅バス11～15分 徒歩1～5分</li><li>小田急小田原線「狛江」駅バス7～9分 徒歩1～5分</li>
tokyo,chofu,ライフタウン国領,144200,,,,,,,調布市国領町8-2-9,1号棟,鉄筋コンクリート造,4,N,420号室,2LDK,63,11,139700,4500,2か月,['近居割'],随時,https://www.ur-net.go.jp/chintai/kanto/tokyo/20_6591_room.html?JKSS=000010420,<li>京王線「国領」駅 徒歩12分</li><li>京王線「柴崎」駅 徒歩13～15分</li><li>京王線「布田」駅 徒歩21分</li>
tokyo,chofu,シティハイツ調布小島町,152700,,,,,,,調布市小島町3-51-2,3号棟,鉄筋コンクリート造,4,N,404号室,2LDK,67,5,148000,4700,2か月,['近居割'],随時,https://www.ur-net.go.jp/chintai/kanto/tokyo/20_5160_room.html?JKSS=000030404,<li>京王線「調布」駅 徒歩11～13分</li><li>京王相模原線「京王多摩川」駅 徒歩6～7分</li><li>京王線「布田」駅 徒歩19～20分</li>
tokyo,kumegawa,南台,74500,,,,,,,東村山市富士見町1-14,4号棟,鉄筋コンクリート造,3,N,306号室,2DK,43,5,71400,3100,2か月,['近居割'],随時,https://www.ur-net.go.jp/chintai/kanto/tokyo/20_1020_room.html?JKSS=000004306,<li>西武多摩湖線「八坂」駅 徒歩14～16分</li><li>西武拝島線「小川」駅 徒歩15～18分</li><li>西武新宿線「久米川」駅バス5分 徒歩3～5分</li>
tokyo,kumegawa,富士見台,87300,,,,,,,東村山市富士見町1-2-54ほか,7号棟,鉄筋コンクリート造,1,N,103号室,3DK,62,4,85500,1800,2か月,['近居割'],随時,https://www.ur-net.go.jp/chintai/kanto/tokyo/20_3850_room.html?JKSS=000070103,<li>西武多摩湖線「八坂」駅 徒歩13～16分</li><li>西武拝島線「小川」駅 徒歩15～19分</li><li>西武新宿線「久米川」駅バス5分 徒歩1～3分</li>
tokyo,kumegawa,富士見台,90800,,,,,,,東村山市富士見町1-2-54ほか,2号棟,鉄筋コンクリート造,4,N,406号室,3LDK,73,5,89000,1800,2か月,['近居割'],随時,https://www.ur-net.go.jp/chintai/kanto/tokyo/20_3850_room.html?JKSS=000020406,<li>西武多摩湖線「八坂」駅 徒歩13～16分</li><li>西武拝島線「小川」駅 徒歩15～19分</li><li>西武新宿線「久米川」駅バス5分 徒歩1～3分</li>
tokyo,kumegawa,富士見台,90800,,,,,,,東村山市富士見町1-2-54ほか,6号棟,鉄筋コンクリート造,4,N,404号室,3LDK,68,5,89000,1800,2か月,['近居割'],随時,https://www.ur-net.go.jp/chintai/kanto/tokyo/20_3850_room.html?JKSS=000060404,<li>西武多摩湖線「八坂」駅 徒歩13～16分</li><li>西武拝島線「小川」駅 徒歩15～19分</li><li>西武新宿線「久米川」駅バス5分 徒歩1～3分</li>
tokyo,kumegawa,グリーンタウン美住一番街,90450,,,,,,,東村山市美住町1-4-1,13号棟,鉄筋コンクリート造,7,N,706号室,2DK,45,7,86200,4250,2か月,"['近居割', '近居割WIDE']",随時,https://www.ur-net.go.jp/chintai/kanto/tokyo/20_5050_room.html?JKSS=000130706,<li>西武新宿線「久米川」駅 徒歩12～16分</li><li>西武多摩湖線「八坂」駅 徒歩9～14分</li><li>西武新宿線「東村山」駅 徒歩19～25分</li>
tokyo,kunitachi,国立富士見台,88300,<li>JR南武線「谷保」駅,5,10,,,,国立市富士見台1-7ほか,1-11号棟,鉄筋コンクリート造,5,N,502号室,3DK,50,5,86200,2100,2か月,['近居割'],随時,https://www.ur-net.go.jp/chintai/kanto/tokyo/20_1350_room.html?JKSS=000111502,<li>JR南武線「谷保」駅（第1団地）徒歩5～10分、（第2、3団地）徒歩10～15分</li><li>JR中央線「国立」駅（第1団地）徒歩21～26分 またはバス5分 徒歩1～9分、（第2、3団地）徒歩23～28分 またはバス8分 徒歩2～5分</li><li>JR南武線「矢川」駅（第1団地）バス5分 徒歩1～7分、（第2、3団地）徒歩8～16分</li>
tokyo,kunitachi,国立富士見台,89500,<li>JR南武線「谷保」駅,5,10,,,,国立市富士見台1-7ほか,1-26号棟,鉄筋コンクリート造,5,N,503号室,3DK,50,5,87400,2100,2か月,['近居割'],随時,https://www.ur-net.go.jp/chintai/kanto/tokyo/20_1350_room.html?JKSS=000126503,<li>JR南武線「谷保」駅（第1団地）徒歩5～10分、（第2、3団地）徒歩10～15分</li><li>JR中央線「国立」駅（第1団地）徒歩21～26分 またはバス5分 徒歩1～9分、（第2、3団地）徒歩23～28分 またはバス8分 徒歩2～5分</li><li>JR南武線「矢川」駅（第1団地）バス5分 徒歩1～7分、（第2、3団地）徒歩8～16分</li>
tokyo,kunitachi,国立富士見台,92700,<li>JR南武線「谷保」駅,5,10,,,,国立市富士見台1-7ほか,1-9号棟,鉄筋コンクリート造,4,N,402号室,3DK,50,5,90600,2100,2か月,['近居割'],随時,https://www.ur-net.go.jp/chintai/kanto/tokyo/20_1350_room.html?JKSS=000109402,<li>JR南武線「谷保」駅（第1団地）徒歩5～10分、（第2、3団地）徒歩10～15分</li><li>JR中央線「国立」駅（第1団地）徒歩21～26分 またはバス5分 徒歩1～9分、（第2、3団地）徒歩23～28分 またはバス8分 徒歩2～5分</li><li>JR南武線「矢川」駅（第1団地）バス5分 徒歩1～7分、（第2、3団地）徒歩8～16分</li>
tokyo,kunitachi,国立富士見台,111400,<li>JR南武線「谷保」駅,5,10,,,,国立市富士見台1-7ほか,1-24号棟,鉄筋コンクリート造,3,N,304号室,3DK,61,5,109300,2100,2か月,['近居割'],随時,https://www.ur-net.go.jp/chintai/kanto/tokyo/20_1350_room.html?JKSS=000124304,<li>JR南武線「谷保」駅（第1団地）徒歩5～10分、（第2、3団地）徒歩10～15分</li><li>JR中央線「国立」駅（第1団地）徒歩21～26分 またはバス5分 徒歩1～9分、（第2、3団地）徒歩23～28分 またはバス8分 徒歩2～5分</li><li>JR南武線「矢川」駅（第1団地）バス5分 徒歩1～7分、（第2、3団地）徒歩8～16分</li>
tokyo,tachikawa,いちょう並木国立,125100,<li>JR中央線「立川」駅,19,21,,,,国立市北3-35-1ほか,1号棟,鉄筋コンクリート造,3,N,324号室,3LDK,69,12,120900,4200,2か月,['近居割'],随時,https://www.ur-net.go.jp/chintai/kanto/tokyo/20_5770_room.html?JKSS=000010324,<li>JR中央線「立川」駅 徒歩19～21分 またはバス10分 徒歩2～4分</li><li>JR南武線「西国立」駅 徒歩12～16分</li><li>多摩都市モノレール「立川北」駅 徒歩21～22分</li>
tokyo,hibarigaoka,ひばりが丘パークヒルズ,99600,<li>西武池袋線「ひばりヶ丘」駅,15,22,,,,西東京市ひばりが丘3-5、東久留米市ひばりが丘団地6ほか,5-6号棟,鉄筋コンクリート造,5,N,511号室,1DK,40,12,93800,5800,2か月,"['近居割', '近居割WIDE']",随時,https://www.ur-net.go.jp/chintai/kanto/tokyo/20_6771_room.html?JKSS=005060511,<li>西武池袋線「ひばりヶ丘」駅 徒歩15～22分 またはバス3～4分 徒歩1～4分</li><li>西武新宿線「田無」駅バス11～15分 徒歩1～4分</li><li>JR中央線「武蔵境」駅バス27～33分 徒歩1～4分</li>
tokyo,higashifushimi,新柳沢,107980,,,,,,,西東京市柳沢3-4,13号棟,鉄筋コンクリート造,7,N,704号室,1LDK,47,10,103800,4180,2か月,"['近居割', '近居割WIDE']",随時,https://www.ur-net.go.jp/chintai/kanto/tokyo/20_4900_room.html?JKSS=000130704,<li>西武新宿線「西武柳沢」駅 徒歩11～14分</li><li>JR中央線「三鷹」駅バス9分 徒歩6～8分</li><li>JR中央線「吉祥寺」駅バス11分 徒歩6～8分</li>
tokyo,higashifushimi,新柳沢,125880,,,,,,,西東京市柳沢3-4,5号棟,鉄筋コンクリート造,7,N,704号室,3LDK,65,7,121700,4180,2か月,"['近居割', '近居割WIDE']",随時,https://www.ur-net.go.jp/chintai/kanto/tokyo/20_4900_room.html?JKSS=000050704,<li>西武新宿線「西武柳沢」駅 徒歩11～14分</li><li>JR中央線「三鷹」駅バス9分 徒歩6～8分</li><li>JR中央線「吉祥寺」駅バス11分 徒歩6～8分</li>
tokyo,higashifushimi,パークサイド田無向台,107000,,,,,,,西東京市向台町5-4-1,,鉄筋コンクリート造,4,N,408号室,2DK,58,5,104100,2900,2か月,"['近居割', '近居割WIDE']",随時,https://www.ur-net.go.jp/chintai/kanto/tokyo/20_3880_room.html?JKSS=000000408,<li>西武新宿線｢田無｣駅 徒歩12分</li>
tokyo,hibarigaoka,グリーンプラザひばりが丘南,116200,<li>西武池袋線「ひばりヶ丘」駅,15,17,,,,西東京市谷戸町1-22-1ほか,4号棟,鉄筋コンクリート造,8,N,810号室,1LDK,53,13,111800,4400,2か月,"['近居割', '近居割WIDE']",随時,https://www.ur-net.go.jp/chintai/kanto/tokyo/20_6320_room.html?JKSS=000040810,<li>西武池袋線「ひばりヶ丘」駅 徒歩15～17分 またはバス3分 徒歩2～3分</li><li>西武新宿線「田無」駅バス8分 徒歩2～3分</li><li>JR中央線「武蔵境」駅バス24分 徒歩2～3分</li>
tokyo,hibarigaoka,グリーンプラザひばりが丘南,122400,<li>西武池袋線「ひばりヶ丘」駅,15,17,,,,西東京市谷戸町1-22-1ほか,4号棟,鉄筋コンクリート造,3,N,302号室,1LDK,53,13,118000,4400,2か月,"['近居割', '近居割WIDE']",随時,https://www.ur-net.go.jp/chintai/kanto/tokyo/20_6320_room.html?JKSS=000040302,<li>西武池袋線「ひばりヶ丘」駅 徒歩15～17分 またはバス3分 徒歩2～3分</li><li>西武新宿線「田無」駅バス8分 徒歩2～3分</li><li>JR中央線「武蔵境」駅バス24分 徒歩2～3分</li>
tokyo,mitaka,グリーンハイツ武蔵境通り,119400,<li>JR中央線「武蔵境」駅,20,22,,,,西東京市新町1-4,4号棟,鉄筋コンクリート造,5,N,501号室,1LDK,47,8,116100,3300,2か月,"['近居割', '近居割WIDE', 'シルバーピア']",随時,https://www.ur-net.go.jp/chintai/kanto/tokyo/20_5210_room.html?JKSS=000040501,<li>JR中央線「武蔵境」駅 徒歩20～22分 またはバス5分 徒歩1～4分</li><li>JR中央線「三鷹」駅バス10分 徒歩1～4分</li><li>西武新宿線「田無」駅バス4分 徒歩2～5分</li>
tokyo,mitaka,グリーンハイツ武蔵境通り,135400,<li>JR中央線「武蔵境」駅,20,22,,,,西東京市新町1-4,7号棟,鉄筋コンクリート造,1,N,102号室,3DK,66,6,132100,3300,2か月,"['近居割', '近居割WIDE']",随時,https://www.ur-net.go.jp/chintai/kanto/tokyo/20_5210_room.html?JKSS=000070102,<li>JR中央線「武蔵境」駅 徒歩20～22分 またはバス5分 徒歩1～4分</li><li>JR中央線「三鷹」駅バス10分 徒歩1～4分</li><li>西武新宿線「田無」駅バス4分 徒歩2～5分</li>
tokyo,higashifushimi,プロムナード東伏見,149600,,,,,,,西東京市富士町1-7,76号棟,鉄筋コンクリート造,6,N,607号室,2LDK,75,8,143400,6200,2か月,"['近居割', '近居割WIDE']",随時,https://www.ur-net.go.jp/chintai/kanto/tokyo/20_5490_room.html?JKSS=000760607,<li>西武新宿線「東伏見」駅 徒歩9～13分</li><li>JR中央線「三鷹」駅バス13分 徒歩4～7分</li><li>西武池袋線「保谷」駅バス6分 徒歩4～7分</li>
tokyo,mitaka,新川・島屋敷通り,95750,,,,,,,三鷹市新川4-25ほか,5号棟,鉄筋コンクリート造,8,N,809号室,2DK,42,11,90400,5350,2か月,"['近居割', '近居割WIDE']",随時,https://www.ur-net.go.jp/chintai/kanto/tokyo/20_5360_room.html?JKSS=000050809,<li>京王線「仙川」駅バス7分 徒歩2～4分</li><li>JR中央線「三鷹」駅バス19分 徒歩2～4分</li><li>JR中央線「吉祥寺」駅バス18分 徒歩2～4分</li>
tokyo,mitaka,シティハイツ吉祥寺通り,139500,,,,,,,三鷹市下連雀5-3,4号棟,鉄筋コンクリート造,4,N,401号室,1LDK,55,7,133800,5700,2か月,['近居割'],随時,https://www.ur-net.go.jp/chintai/kanto/tokyo/20_6580_room.html?JKSS=000040401,<li>JR中央線「吉祥寺」駅バス9分 徒歩4～5分</li><li>JR中央線「三鷹」駅バス14分 徒歩2～3分</li><li>京王井の頭線「三鷹台」駅 徒歩26～27分</li>
tokyo,mitaka,シティコート下連雀,179300,,,,,,,三鷹市下連雀5-8,3号棟,鉄筋コンクリート造,3,N,314号室,3LDK,74,13,175600,3700,2か月,['近居割'],随時,https://www.ur-net.go.jp/chintai/kanto/tokyo/20_5570_room.html?JKSS=000030314,<li>JR中央線「吉祥寺」駅バス6分 徒歩1～2分</li><li>JR中央線「三鷹」駅 徒歩24分</li><li>京王井の頭線「三鷹台」駅 徒歩29～30分</li>
tokyo,chofu,府中グリーンハイツ,91600,,,,,,,府中市晴見町1-28,6号棟,鉄筋コンクリート造,4,N,404号室,1DK,31,10,87300,4300,2か月,"['近居割', '近居割WIDE']",随時,https://www.ur-net.go.jp/chintai/kanto/tokyo/20_5010_room.html?JKSS=000060404,<li>京王線「府中」駅 徒歩13～15分</li><li>JR武蔵野線「北府中」駅 徒歩9～12分</li><li>JR南武線「分倍河原」駅 徒歩21～24分</li>
tokyo,chofu,府中グリーンハイツ,110700,,,,,,,府中市晴見町1-28,5号棟,鉄筋コンクリート造,1,N,112号室,1DK,45,9,106400,4300,2か月,"['近居割', '近居割WIDE']",随時,https://www.ur-net.go.jp/chintai/kanto/tokyo/20_5010_room.html?JKSS=000050112,<li>京王線「府中」駅 徒歩13～15分</li><li>JR武蔵野線「北府中」駅 徒歩9～12分</li><li>JR南武線「分倍河原」駅 徒歩21～24分</li>
tokyo,chofu,車返,91700,,,,,,,府中市白糸台5-25-1、府中市押立町1-24-1,2-1号棟,鉄筋コンクリート造、鉄骨鉄筋コンクリート造,7,N,710号室,2DK,48,11,88100,3600,2か月,['近居割'],随時,https://www.ur-net.go.jp/chintai/kanto/tokyo/20_2700_room.html?JKSS=002010710,<li>京王線「武蔵野台」駅 徒歩5～8分</li><li>西武多摩川線「白糸台」駅 徒歩12～16分</li><li>京王線「多磨霊園」駅 徒歩16～20分</li>
tokyo,chofu,車返,94700,,,,,,,府中市白糸台5-25-1、府中市押立町1-24-1,2-1号棟,鉄筋コンクリート造、鉄骨鉄筋コンクリート造,4,N,407号室,1LDK,48,11,91100,3600,2か月,['近居割'],随時,https://www.ur-net.go.jp/chintai/kanto/tokyo/20_2700_room.html?JKSS=002010407,<li>京王線「武蔵野台」駅 徒歩5～8分</li><li>西武多摩川線「白糸台」駅 徒歩12～16分</li><li>京王線「多磨霊園」駅 徒歩16～20分</li>
tokyo,chofu,車返,95400,,,,,,,府中市白糸台5-25-1、府中市押立町1-24-1,2-1号棟,鉄筋コンクリート造、鉄骨鉄筋コンクリート造,10,N,1008号室,1LDK,48,11,91800,3600,2か月,['近居割'],随時,https://www.ur-net.go.jp/chintai/kanto/tokyo/20_2700_room.html?JKSS=002011008,<li>京王線「武蔵野台」駅 徒歩5～8分</li><li>西武多摩川線「白糸台」駅 徒歩12～16分</li><li>京王線「多磨霊園」駅 徒歩16～20分</li>
tokyo,chofu,車返,99600,,,,,,,府中市白糸台5-25-1、府中市押立町1-24-1,2-1号棟,鉄筋コンクリート造、鉄骨鉄筋コンクリート造,2,N,206号室,1LDK,48,11,96000,3600,2か月,['近居割'],随時,https://www.ur-net.go.jp/chintai/kanto/tokyo/20_2700_room.html?JKSS=002010206,<li>京王線「武蔵野台」駅 徒歩5～8分</li><li>西武多摩川線「白糸台」駅 徒歩12～16分</li><li>京王線「多磨霊園」駅 徒歩16～20分</li>
tokyo,chofu,車返,99600,,,,,,,府中市白糸台5-25-1、府中市押立町1-24-1,2-1号棟,鉄筋コンクリート造、鉄骨鉄筋コンクリート造,2,N,219号室,1LDK,48,11,96000,3600,2か月,['近居割'],随時,https://www.ur-net.go.jp/chintai/kanto/tokyo/20_2700_room.html?JKSS=002010219,<li>京王線「武蔵野台」駅 徒歩5～8分</li><li>西武多摩川線「白糸台」駅 徒歩12～16分</li><li>京王線「多磨霊園」駅 徒歩16～20分</li>
tokyo,chofu,グリーンハイツ車返南,131400,,,,,,,府中市押立町1-16-14,14-1号棟,鉄骨鉄筋コンクリート造,4,N,401号室,2LDK,67,8,124900,6500,2か月,['近居割'],随時,https://www.ur-net.go.jp/chintai/kanto/tokyo/20_4450_room.html?JKSS=014010401,<li>京王線｢武蔵野台｣駅 徒歩8分</li><li>西武多摩川線｢白糸台｣駅 徒歩14分</li>
tokyo,tachikawa,西国分寺ゆかり参番街,124200,,,,,,,国分寺市泉町2-5,2号棟,鉄筋コンクリート造,7,N,703号室,1LDK,47,13,119700,4500,2か月,['近居割'],随時,https://www.ur-net.go.jp/chintai/kanto/tokyo/20_6360_room.html?JKSS=000020703,<li>JR中央線「西国分寺」駅 徒歩6～7分</li><li>JR中央線「国分寺」駅 徒歩20～21分</li><li>JR中央線「国立」駅 徒歩29～31分</li>
tokyo,tachikawa,西国分寺ゆかり壱番街,148640,,,,,,,国分寺市泉町3-3ほか,3号棟,鉄筋コンクリート造,2,N,206号室,1LDK,67,8,143500,5140,2か月,['近居割'],随時,https://www.ur-net.go.jp/chintai/kanto/tokyo/20_5400_room.html?JKSS=000030206,<li>JR中央線「西国分寺」駅 徒歩5～7分</li><li>JR中央線「国分寺」駅 徒歩19～20分</li><li>JR中央線「国立」駅 徒歩28～29分</li>
tokyo,tachikawa,西国分寺ゆかり壱番街,154840,,,,,,,国分寺市泉町3-3ほか,3号棟,鉄筋コンクリート造,3,N,306号室,1LDK,67,8,149700,5140,2か月,['近居割'],随時,https://www.ur-net.go.jp/chintai/kanto/tokyo/20_5400_room.html?JKSS=000030306,<li>JR中央線「西国分寺」駅 徒歩5～7分</li><li>JR中央線「国分寺」駅 徒歩19～20分</li><li>JR中央線「国立」駅 徒歩28～29分</li>
tokyo,tachikawa,西国分寺ゆかり四番街,148700,,,,,,,国分寺市泉町2-8-1,1号棟,鉄筋コンクリート造,9,N,903号室,1LDK,56,10,144300,4400,2か月,['近居割'],随時,https://www.ur-net.go.jp/chintai/kanto/tokyo/20_5990_room.html?JKSS=000010903,<li>JR中央線ほか「西国分寺」駅 徒歩3分</li>
tokyo,hibarigaoka,滝山,71700,,,,,,,東久留米市滝山6-1,1-18号棟,鉄筋コンクリート造,4,N,405号室,3K,45,5,68800,2900,2か月,"['近居割', '近居割WIDE']",随時,https://www.ur-net.go.jp/chintai/kanto/tokyo/20_1730_room.html?JKSS=000118405,<li>西武新宿線「花小金井」駅バス8分　徒歩2～6分</li><li>西武池袋線「東久留米」駅バス12分　徒歩2～6分</li><li>西武新宿線「小平」駅徒歩29～34分</li>
tokyo,hibarigaoka,滝山,71700,,,,,,,東久留米市滝山6-1,1-20号棟,鉄筋コンクリート造,3,N,302号室,2DK,45,5,68800,2900,2か月,"['近居割', '近居割WIDE']",随時,https://www.ur-net.go.jp/chintai/kanto/tokyo/20_1730_room.html?JKSS=000120302,<li>西武新宿線「花小金井」駅バス8分　徒歩2～6分</li><li>西武池袋線「東久留米」駅バス12分　徒歩2～6分</li><li>西武新宿線「小平」駅徒歩29～34分</li>
tokyo,hibarigaoka,滝山,82400,,,,,,,東久留米市滝山6-1,1-21号棟,鉄筋コンクリート造,5,N,506号室,3DK,61,5,79500,2900,2か月,"['近居割', '近居割WIDE']",随時,https://www.ur-net.go.jp/chintai/kanto/tokyo/20_1730_room.html?JKSS=000121506,<li>西武新宿線「花小金井」駅バス8分　徒歩2～6分</li><li>西武池袋線「東久留米」駅バス12分　徒歩2～6分</li><li>西武新宿線「小平」駅徒歩29～34分</li>
tokyo,hibarigaoka,滝山,86300,,,,,,,東久留米市滝山6-1,1-21号棟,鉄筋コンクリート造,4,N,403号室,3DK,61,5,83400,2900,2か月,"['近居割', '近居割WIDE']",随時,https://www.ur-net.go.jp/chintai/kanto/tokyo/20_1730_room.html?JKSS=000121403,<li>西武新宿線「花小金井」駅バス8分　徒歩2～6分</li><li>西武池袋線「東久留米」駅バス12分　徒歩2～6分</li><li>西武新宿線「小平」駅徒歩29～34分</li>
kanagawa,nijigaoka,虹ヶ丘,97800,,,,,,,川崎市麻生区虹ヶ丘2-2ほか,3-8号棟,鉄筋コンクリート造、鉄骨鉄筋コンクリート造,8,N,804号室,1LDK,54,8,94000,3800,2か月,"['近居割', '近居割WIDE']",随時,https://www.ur-net.go.jp/chintai/kanto/kanagawa/40_1710_room.html?JKSS=003080804,<li>東急田園都市線「あざみ野」駅バス10分　徒歩2～7分</li><li>東急田園都市線「たまプラーザ」駅バス12分　徒歩2～7分</li><li>小田急小田原線「新百合ヶ丘」駅バス16分　徒歩3～8分</li>
kanagawa,shinyurigaoka,サンラフレ百合ヶ丘,107500,,,,,,,川崎市麻生区百合丘1-16ほか,13号棟,鉄筋コンクリート造,10,N,1001号室,1DK,35,10,103100,4400,2か月,['近居割'],随時,https://www.ur-net.go.jp/chintai/kanto/kanagawa/40_3500_room.html?JKSS=000131001,<li>小田急小田原線「百合ヶ丘」駅 徒歩3～10分</li><li>小田急小田原線「新百合ヶ丘」駅 徒歩10～17分</li><li>東急田園都市線「あざみ野」駅バス41分 徒歩2～5分</li>
kanagawa,shinyurigaoka,サンラフレ百合ヶ丘,137400,,,,,,,川崎市麻生区百合丘1-16ほか,17号棟,鉄筋コンクリート造,2,N,206号室,2DK,52,5,133000,4400,2か月,['近居割'],随時,https://www.ur-net.go.jp/chintai/kanto/kanagawa/40_3500_room.html?JKSS=000170206,<li>小田急小田原線「百合ヶ丘」駅 徒歩3～10分</li><li>小田急小田原線「新百合ヶ丘」駅 徒歩10～17分</li><li>東急田園都市線「あざみ野」駅バス41分 徒歩2～5分</li>
kanagawa,shinyurigaoka,サンラフレ百合ヶ丘,181000,,,,,,,川崎市麻生区百合丘1-16ほか,4号棟,鉄筋コンクリート造,5,N,509号室,3LDK,75,9,176600,4400,2か月,['近居割'],随時,https://www.ur-net.go.jp/chintai/kanto/kanagawa/40_3500_room.html?JKSS=000040509,<li>小田急小田原線「百合ヶ丘」駅 徒歩3～10分</li><li>小田急小田原線「新百合ヶ丘」駅 徒歩10～17分</li><li>東急田園都市線「あざみ野」駅バス41分 徒歩2～5分</li>
kanagawa,shinyurigaoka,サンラフレ百合ヶ丘,184800,,,,,,,川崎市麻生区百合丘1-16ほか,4号棟,鉄筋コンクリート造,2,N,201号室,4LDK,82,9,180400,4400,2か月,['近居割'],随時,https://www.ur-net.go.jp/chintai/kanto/kanagawa/40_3500_room.html?JKSS=000040201,<li>小田急小田原線「百合ヶ丘」駅 徒歩3～10分</li><li>小田急小田原線「新百合ヶ丘」駅 徒歩10～17分</li><li>東急田園都市線「あざみ野」駅バス41分 徒歩2～5分</li>
kanagawa,hiyoshi,木月住吉,153800,,,,,,,川崎市中原区木月住吉町23-3ほか,8号棟,鉄筋コンクリート造,4,N,403号室,1LDK,49,7,150700,3100,2か月,['近居割'],随時,https://www.ur-net.go.jp/chintai/kanto/kanagawa/40_3020_room.html?JKSS=000080403,<li>東急東横線「元住吉」駅 徒歩8～9分</li><li>JR南武線「平間」駅 徒歩17～19分</li><li>東急東横線「武蔵小杉」駅 徒歩17～19分</li>
kanagawa,nakayama,西菅田,94700,,,,,,,横浜市神奈川区菅田町488ほか,2-8号棟,鉄筋コンクリート造,5,N,501号室,3LDK,72,5,90700,4000,2か月,['そのママ割'],随時,https://www.ur-net.go.jp/chintai/kanto/kanagawa/40_1450_room.html?JKSS=002080501,<li>JR横浜線「鴨居」駅バス7～9分 徒歩1～7分</li><li>横浜市営地下鉄ブルーライン「片倉町」駅バス20～22分 徒歩1～7分</li><li>JR東海道本線「横浜」駅バス23分 徒歩2～14分</li>
kanagawa,yokohama,コンフォール西寺尾,117900,,,,,,,横浜市神奈川区西寺尾2-26,1号棟,鉄筋コンクリート造,3,N,310号室,1LDK,48,7,115000,2900,2か月,['近居割'],随時,https://www.ur-net.go.jp/chintai/kanto/kanagawa/40_3090_room.html?JKSS=000010310,<li>JR横浜線「大口」駅 徒歩11～13分</li><li>JR京浜東北・根岸線「鶴見」駅バス13分 徒歩7～8分</li><li>東急東横線「妙蓮寺」駅 徒歩20～22分</li>
kanagawa,yokohama,コンフォール北原,140100,,,,,,,横浜市神奈川区六角橋6-24,7号棟,鉄筋コンクリート造,2,N,206号室,2LDK,65,6,135800,4300,2か月,['近居割'],随時,https://www.ur-net.go.jp/chintai/kanto/kanagawa/40_3950_room.html?JKSS=000070206,<li>横浜市営地下鉄ブルーライン「岸根公園」駅 徒歩8～10分</li><li>東急東横線「白楽」駅 徒歩15～18分</li><li>横浜市営地下鉄ブルーライン「片倉町」駅 徒歩13～17分</li>
kanagawa,yokohama,コンフォール北原,148000,,,,,,,横浜市神奈川区六角橋6-24,7号棟,鉄筋コンクリート造,4,N,405号室,2LDK,65,6,143700,4300,2か月,['近居割'],随時,https://www.ur-net.go.jp/chintai/kanto/kanagawa/40_3950_room.html?JKSS=000070405,<li>横浜市営地下鉄ブルーライン「岸根公園」駅 徒歩8～10分</li><li>東急東横線「白楽」駅 徒歩15～18分</li><li>横浜市営地下鉄ブルーライン「片倉町」駅 徒歩13～17分</li>
kanagawa,hiyoshi,サンヴァリエ日吉,134000,,,,,,,横浜市港北区下田町4-1ほか,13号棟,鉄筋コンクリート造,6,N,610号室,1LDK,55,7,129600,4400,2か月,['近居割'],随時,https://www.ur-net.go.jp/chintai/kanto/kanagawa/40_3290_room.html?JKSS=000130610,<li>東急東横線「日吉」駅 徒歩19～23分</li><li>東急東横線「日吉」駅バス14分 徒歩1～4分</li><li>横浜市営地下鉄グリーンライン「日吉本町」駅 徒歩13～16分</li>
kanagawa,hiyoshi,サンヴァリエ日吉,134600,,,,,,,横浜市港北区下田町4-1ほか,12号棟,鉄筋コンクリート造,4,N,405号室,2DK,57,8,130200,4400,2か月,['近居割'],随時,https://www.ur-net.go.jp/chintai/kanto/kanagawa/40_3290_room.html?JKSS=000120405,<li>東急東横線「日吉」駅 徒歩19～23分</li><li>東急東横線「日吉」駅バス14分 徒歩1～4分</li><li>横浜市営地下鉄グリーンライン「日吉本町」駅 徒歩13～16分</li>
kanagawa,hiyoshi,サンヴァリエ日吉,144400,,,,,,,横浜市港北区下田町4-1ほか,16号棟,鉄筋コンクリート造,2,N,207号室,3DK,68,8,140000,4400,2か月,['近居割'],随時,https://www.ur-net.go.jp/chintai/kanto/kanagawa/40_3290_room.html?JKSS=000160207,<li>東急東横線「日吉」駅 徒歩19～23分</li><li>東急東横線「日吉」駅バス14分 徒歩1～4分</li><li>横浜市営地下鉄グリーンライン「日吉本町」駅 徒歩13～16分</li>
kanagawa,kohoku,港北ニュータウン　ビュープラザセンター北,125000,,,,,,,横浜市都筑区南山田1-3,3-13号棟,鉄筋コンクリート造,2,N,202号室,1LDK,62,9,121800,3200,2か月,['近居割'],随時,https://www.ur-net.go.jp/chintai/kanto/kanagawa/40_3070_room.html?JKSS=003130202,<li>横浜市営地下鉄ブルーライン「センター北」駅 徒歩13～16分</li><li>横浜市営地下鉄グリーンライン「北山田」駅 徒歩13～15分</li><li>東急田園都市線「鷺沼」駅バス9分 徒歩18～19分</li>
kanagawa,kohoku,コンフォール鴨池公園,128100,,,,,,,横浜市都筑区大丸15,3号棟,鉄筋コンクリート造,3,N,305号室,1LDK,54,3,122100,6000,2か月,['近居割'],随時,https://www.ur-net.go.jp/chintai/kanto/kanagawa/40_4161_room.html?JKSS=000030305,<li>横浜市営地下鉄グリーンライン「都筑ふれあいの丘」駅 徒歩9～11分</li><li>東急田園都市線「江田」駅バス10分 徒歩5～7分</li><li>横浜市営地下鉄ブルーライン「センター南」駅 徒歩26～28分</li>
kanagawa,kohoku,港北ニュータウン　コンフォールセンター南,131200,,,,,,,横浜市都筑区茅ヶ崎東3-5,7号棟,鉄筋コンクリート造,14,N,1402号室,2DK,54,14,126900,4300,2か月,['近居割'],随時,https://www.ur-net.go.jp/chintai/kanto/kanagawa/40_3760_room.html?JKSS=000071402,<li>横浜市営地下鉄ブルーライン「センター南」駅 徒歩11～13分</li><li>横浜市営地下鉄グリーンライン「センター北」駅 徒歩22～25分</li>
kanagawa,kohoku,港北ニュータウン　コンフォール城山の丘,147800,,,,,,,横浜市都筑区東山田3-23,1号棟,鉄筋コンクリート造,8,N,802号室,2LDK,83,13,142300,5500,2か月,['近居割'],随時,https://www.ur-net.go.jp/chintai/kanto/kanagawa/40_3830_room.html?JKSS=000010802,<li>横浜市営地下鉄グリーンライン「東山田」駅 徒歩7～9分</li><li>東急田園都市線「鷺沼」駅バス17分 徒歩4～7分</li><li>横浜市営地下鉄グリーンライン「北山田」駅 徒歩13～15分</li>
kanagawa,kohoku,港北ニュータウン　コンフォール城山の丘,148600,,,,,,,横浜市都筑区東山田3-23,3号棟,鉄筋コンクリート造,6,N,602号室,2LDK,83,11,143100,5500,2か月,['近居割'],随時,https://www.ur-net.go.jp/chintai/kanto/kanagawa/40_3830_room.html?JKSS=000030602,<li>横浜市営地下鉄グリーンライン「東山田」駅 徒歩7～9分</li><li>東急田園都市線「鷺沼」駅バス17分 徒歩4～7分</li><li>横浜市営地下鉄グリーンライン「北山田」駅 徒歩13～15分</li>
kanagawa,kohoku,港北ニュータウン　コンフォール城山の丘,151100,,,,,,,横浜市都筑区東山田3-23,1号棟,鉄筋コンクリート造,7,N,703号室,2LDK,83,13,145600,5500,2か月,['近居割'],随時,https://www.ur-net.go.jp/chintai/kanto/kanagawa/40_3830_room.html?JKSS=000010703,<li>横浜市営地下鉄グリーンライン「東山田」駅 徒歩7～9分</li><li>東急田園都市線「鷺沼」駅バス17分 徒歩4～7分</li><li>横浜市営地下鉄グリーンライン「北山田」駅 徒歩13～15分</li>
kanagawa,kohoku,港北ニュータウン　コンフォール城山の丘,155600,,,,,,,横浜市都筑区東山田3-23,2号棟,鉄筋コンクリート造,12,N,1203号室,3LDK,90,14,150100,5500,2か月,['近居割'],随時,https://www.ur-net.go.jp/chintai/kanto/kanagawa/40_3830_room.html?JKSS=000021203,<li>横浜市営地下鉄グリーンライン「東山田」駅 徒歩7～9分</li><li>東急田園都市線「鷺沼」駅バス17分 徒歩4～7分</li><li>横浜市営地下鉄グリーンライン「北山田」駅 徒歩13～15分</li>
kanagawa,kohoku,港北ニュータウン　コンフォール城山の丘,165800,,,,,,,横浜市都筑区東山田3-23,3号棟,鉄筋コンクリート造,5,N,503号室,4LDK,101,11,160300,5500,2か月,['近居割'],随時,https://www.ur-net.go.jp/chintai/kanto/kanagawa/40_3830_room.html?JKSS=000030503,<li>横浜市営地下鉄グリーンライン「東山田」駅 徒歩7～9分</li><li>東急田園都市線「鷺沼」駅バス17分 徒歩4～7分</li><li>横浜市営地下鉄グリーンライン「北山田」駅 徒歩13～15分</li>
kanagawa,kohoku,港北ニュータウン　山田富士公園ハイツ,160300,,,,,,,横浜市都筑区北山田3-27,4号棟,鉄筋コンクリート造,7,N,702号室,2LDK,82,7,156700,3600,2か月,['近居割'],随時,https://www.ur-net.go.jp/chintai/kanto/kanagawa/40_3420_room.html?JKSS=000040702,<li>横浜市営地下鉄グリーンライン「北山田」駅 徒歩4～6分</li><li>東急田園都市線「鷺沼」駅バス13分 徒歩3～4分</li><li>横浜市営地下鉄ブルーライン「センター北」駅バス13分 徒歩3～4分</li>
kanagawa,kominato,ビューコート小港,124900,,,,,,,横浜市中区小港町1-1-2,4号棟,鉄筋コンクリート造,13,N,1302号室,2DK,54,14,122100,2800,2か月,['近居割'],随時,https://www.ur-net.go.jp/chintai/kanto/kanagawa/40_3310_room.html?JKSS=000041302,<li>みなとみらい線「元町・中華街」駅 徒歩21～23分</li><li>JR京浜東北・根岸線「桜木町」駅バス18分 徒歩3～5分</li><li>JR京浜東北・根岸線「根岸」駅バス18分 徒歩3～5分</li>
kanagawa,kominato,ビューコート小港,133200,,,,,,,横浜市中区小港町1-1-2,6号棟,鉄筋コンクリート造,11,N,1105号室,1LDK,57,14,130400,2800,2か月,['近居割'],随時,https://www.ur-net.go.jp/chintai/kanto/kanagawa/40_3310_room.html?JKSS=000061105,<li>みなとみらい線「元町・中華街」駅 徒歩21～23分</li><li>JR京浜東北・根岸線「桜木町」駅バス18分 徒歩3～5分</li><li>JR京浜東北・根岸線「根岸」駅バス18分 徒歩3～5分</li>
kanagawa,kominato,ビューコート小港,139800,,,,,,,横浜市中区小港町1-1-2,2号棟,鉄筋コンクリート造,6,N,601号室,2LDK,66,11,137000,2800,2か月,['近居割'],随時,https://www.ur-net.go.jp/chintai/kanto/kanagawa/40_3310_room.html?JKSS=000020601,<li>みなとみらい線「元町・中華街」駅 徒歩21～23分</li><li>JR京浜東北・根岸線「桜木町」駅バス18分 徒歩3～5分</li><li>JR京浜東北・根岸線「根岸」駅バス18分 徒歩3～5分</li>
kanagawa,honmoku,プロムナード本牧,138300,,,,,,,横浜市中区本牧宮原6-1,1号棟,鉄筋コンクリート造,2,N,212号室,1LDK,59,10,133900,4400,2か月,['近居割'],随時,https://www.ur-net.go.jp/chintai/kanto/kanagawa/40_4070_room.html?JKSS=000010212,<li>JR京浜東北・根岸線「根岸」駅バス14分 徒歩2～4分</li><li>みなとみらい線「元町・中華街」駅バス12分 徒歩2～4分</li><li>JR京浜東北・根岸線「石川町」駅バス13分 徒歩2～4分</li>
kanagawa,kominato,新山下ベイシティ,147300,,,,,,,横浜市中区新山下3-15,2号棟,鉄筋コンクリート造、鉄骨鉄筋コンクリート造,7,N,711号室,3DK,66,7,142400,4900,2か月,['近居割'],随時,https://www.ur-net.go.jp/chintai/kanto/kanagawa/40_2780_room.html?JKSS=000020711,<li>みなとみらい線「元町・中華街」駅 徒歩16～20分</li><li>JR京浜東北・根岸線「桜木町」駅バス16分 徒歩1～3分</li><li>JR京浜東北・根岸線「根岸」駅バス20分 徒歩1～4分</li>
kanagawa,sakonyama,くぬぎ台,69100,,,,,,,横浜市保土ケ谷区川島町1404,1-8号棟,鉄筋コンクリート造,4,N,401号室,2DK,48,5,65600,3500,2か月,"['近居割', '近居割WIDE']",随時,https://www.ur-net.go.jp/chintai/kanto/kanagawa/40_1420_room.html?JKSS=000108401,<li>相鉄本線「鶴ヶ峰」駅バス5分 徒歩2～7分</li><li>相鉄本線「西谷」駅 徒歩15～20分</li><li>相鉄本線「二俣川」駅バス29分 徒歩3～9分</li>
kanagawa,sakonyama,くぬぎ台‐Ⅱ,88600,,,,,,,横浜市保土ケ谷区川島町1374-13,,鉄筋コンクリート造,4,N,406号室,3DK,62,5,85100,3500,2か月,"['近居割', '近居割WIDE']",随時,https://www.ur-net.go.jp/chintai/kanto/kanagawa/40_2860_room.html?JKSS=000000406,<li>相鉄本線「西谷」駅 徒歩14分</li><li>相鉄本線「鶴ヶ峰」駅 徒歩20分 又はバス5分 徒歩5分</li>
kanagawa,hodogaya,コンフォール明神台,109600,,,,,,,横浜市保土ケ谷区明神台1,2-6号棟,鉄筋コンクリート造,4,N,406号室,1LDK,55,11,104200,5400,2か月,['近居割'],随時,https://www.ur-net.go.jp/chintai/kanto/kanagawa/40_4000_room.html?JKSS=002060406,<li>相鉄本線「星川」駅 徒歩8～12分</li><li>相鉄本線「和田町」駅 徒歩9～16分</li><li>JR横須賀線「保土ケ谷」駅バス12分 徒歩1～6分</li>
kanagawa,hodogaya,ビューコート仏向,118200,,,,,,,横浜市保土ケ谷区仏向町1037-1ほか,1-2号棟,鉄筋コンクリート造,7,N,710号室,3LDK,77,7,114400,3800,2か月,"['近居割', '近居割WIDE']",随時,https://www.ur-net.go.jp/chintai/kanto/kanagawa/40_2840_room.html?JKSS=001020710,<li>JR横須賀線「東戸塚」駅バス10分 徒歩1～3分</li><li>相鉄本線「和田町」駅 徒歩17～19分</li><li>JR横須賀線「保土ケ谷」駅バス14分 徒歩1～3分</li>
kanagawa,sakonyama,左近山,60710,,,,,,,横浜市旭区左近山16-1ほか,1-16号棟,鉄筋コンクリート造、鉄骨鉄筋コンクリート造,5,N,506号室,3K,45,5,57200,3510,2か月,"['近居割', '近居割WIDE']",随時,https://www.ur-net.go.jp/chintai/kanto/kanagawa/40_1180_room.html?JKSS=000116506,<li>相鉄本線「二俣川」駅バス13～17分 徒歩1～6分</li><li>JR横須賀線「東戸塚」駅バス25～31分 徒歩1～6分</li><li>相鉄本線「鶴ヶ峰」駅バス24～29分 徒歩1～6分</li>
kanagawa,sakonyama,左近山,63110,,,,,,,横浜市旭区左近山16-1ほか,9-8号棟,鉄筋コンクリート造、鉄骨鉄筋コンクリート造,5,N,504号室,2LDK,50,5,59600,3510,2か月,"['近居割', '近居割WIDE']",随時,https://www.ur-net.go.jp/chintai/kanto/kanagawa/40_1180_room.html?JKSS=009080504,<li>相鉄本線「二俣川」駅バス13～17分 徒歩1～6分</li><li>JR横須賀線「東戸塚」駅バス25～31分 徒歩1～6分</li><li>相鉄本線「鶴ヶ峰」駅バス24～29分 徒歩1～6分</li>
kanagawa,sakonyama,左近山,64510,,,,,,,横浜市旭区左近山16-1ほか,9-2号棟,鉄筋コンクリート造、鉄骨鉄筋コンクリート造,4,N,404号室,3K,50,5,61000,3510,2か月,"['近居割', '近居割WIDE']",随時,https://www.ur-net.go.jp/chintai/kanto/kanagawa/40_1180_room.html?JKSS=009020404,<li>相鉄本線「二俣川」駅バス13～17分 徒歩1～6分</li><li>JR横須賀線「東戸塚」駅バス25～31分 徒歩1～6分</li><li>相鉄本線「鶴ヶ峰」駅バス24～29分 徒歩1～6分</li>
kanagawa,sakonyama,左近山,67710,,,,,,,横浜市旭区左近山16-1ほか,8-11号棟,鉄筋コンクリート造、鉄骨鉄筋コンクリート造,4,N,403号室,2LDK,50,5,64200,3510,2か月,"['近居割', '近居割WIDE']",随時,https://www.ur-net.go.jp/chintai/kanto/kanagawa/40_1180_room.html?JKSS=008110403,<li>相鉄本線「二俣川」駅バス13～17分 徒歩1～6分</li><li>JR横須賀線「東戸塚」駅バス25～31分 徒歩1～6分</li><li>相鉄本線「鶴ヶ峰」駅バス24～29分 徒歩1～6分</li>
kanagawa,hodogaya,アーバンドエル瀬谷,94000,,,,,,,横浜市瀬谷区橋戸1-35,12号棟,鉄筋コンクリート造,5,N,505号室,2DK,50,7,90100,3900,2か月,['近居割'],随時,https://www.ur-net.go.jp/chintai/kanto/kanagawa/40_3850_room.html?JKSS=000120505,<li>相鉄本線「瀬谷」駅 徒歩9～12分</li><li>横浜市営地下鉄ブルーライン「立場」駅バス26分 徒歩7～9分</li><li>小田急江ノ島線「大和」駅 徒歩33～35分</li>
kanagawa,hodogaya,アーバンドエル瀬谷,119800,,,,,,,横浜市瀬谷区橋戸1-35,14号棟,鉄筋コンクリート造,2,N,203号室,2LDK,67,4,115900,3900,2か月,['近居割'],随時,https://www.ur-net.go.jp/chintai/kanto/kanagawa/40_3850_room.html?JKSS=000140203,<li>相鉄本線「瀬谷」駅 徒歩9～12分</li><li>横浜市営地下鉄ブルーライン「立場」駅バス26分 徒歩7～9分</li><li>小田急江ノ島線「大和」駅 徒歩33～35分</li>
kanagawa,hodogaya,アーバンドエル瀬谷,119900,,,,,,,横浜市瀬谷区橋戸1-35,15号棟,鉄筋コンクリート造,4,N,402号室,2LDK,67,4,116000,3900,2か月,['近居割'],随時,https://www.ur-net.go.jp/chintai/kanto/kanagawa/40_3850_room.html?JKSS=000150402,<li>相鉄本線「瀬谷」駅 徒歩9～12分</li><li>横浜市営地下鉄ブルーライン「立場」駅バス26分 徒歩7～9分</li><li>小田急江ノ島線「大和」駅 徒歩33～35分</li>
kanagawa,hodogaya,南永田,71600,,,,,,,横浜市南区永田みなみ台2,2-6号棟,鉄骨鉄筋コンクリート造,2,N,212号室,2DK,47,9,68900,2700,2か月,"['近居割', '近居割WIDE']",随時,https://www.ur-net.go.jp/chintai/kanto/kanagawa/40_1630_room.html?JKSS=002060212,<li>京急本線「弘明寺」駅バス8～10分 徒歩1～4分</li><li>京急本線「井土ヶ谷」駅 徒歩19～25分</li><li>JR横須賀線「保土ケ谷」駅バス3分 徒歩14～18分</li>
kanagawa,hodogaya,井土ヶ谷東,94700,,,,,,,横浜市南区井土ヶ谷下町215-1,1号棟,鉄骨鉄筋コンクリート造,11,N,1135号室,2DK,44,14,90100,4600,2か月,[],随時,https://www.ur-net.go.jp/chintai/kanto/kanagawa/40_1360_room.html?JKSS=000011135,<li>京急本線「井土ヶ谷」駅 徒歩2～4分</li><li>横浜市営地下鉄ブルーライン「蒔田」駅 徒歩15分</li><li>JR横須賀線「保土ケ谷」駅バス5分 徒歩3分</li>
kanagawa,hodogaya,井土ヶ谷東,94700,,,,,,,横浜市南区井土ヶ谷下町215-1,2号棟,鉄骨鉄筋コンクリート造,13,N,1313号室,2DK,44,14,90100,4600,2か月,[],随時,https://www.ur-net.go.jp/chintai/kanto/kanagawa/40_1360_room.html?JKSS=000021313,<li>京急本線「井土ヶ谷」駅 徒歩2～4分</li><li>横浜市営地下鉄ブルーライン「蒔田」駅 徒歩15分</li><li>JR横須賀線「保土ケ谷」駅バス5分 徒歩3分</li>
kanagawa,hodogaya,井土ヶ谷東,97900,,,,,,,横浜市南区井土ヶ谷下町215-1,1号棟,鉄骨鉄筋コンクリート造,9,N,915号室,1LDK,44,14,93300,4600,2か月,[],随時,https://www.ur-net.go.jp/chintai/kanto/kanagawa/40_1360_room.html?JKSS=000010915,<li>京急本線「井土ヶ谷」駅 徒歩2～4分</li><li>横浜市営地下鉄ブルーライン「蒔田」駅 徒歩15分</li><li>JR横須賀線「保土ケ谷」駅バス5分 徒歩3分</li>
kanagawa,hodogaya,井土ヶ谷東,99300,,,,,,,横浜市南区井土ヶ谷下町215-1,1号棟,鉄骨鉄筋コンクリート造,11,N,1133号室,1LDK,44,14,94700,4600,2か月,[],随時,https://www.ur-net.go.jp/chintai/kanto/kanagawa/40_1360_room.html?JKSS=000011133,<li>京急本線「井土ヶ谷」駅 徒歩2～4分</li><li>横浜市営地下鉄ブルーライン「蒔田」駅 徒歩15分</li><li>JR横須賀線「保土ケ谷」駅バス5分 徒歩3分</li>
kanagawa,konandai,洋光台北,76700,,,,,,,横浜市磯子区洋光台2-1ほか,1-12号棟,鉄筋コンクリート造、鉄骨鉄筋コンクリート造,4,N,401号室,2DK,41,5,72400,4300,2か月,"['近居割', '近居割WIDE']",随時,https://www.ur-net.go.jp/chintai/kanto/kanagawa/40_1290_room.html?JKSS=001120401,<li>JR京浜東北・根岸線「洋光台」駅 徒歩8～14分</li><li>横浜市営地下鉄ブルーライン「港南中央」駅バス9～11分 徒歩1～6分</li><li>JR京浜東北・根岸線「港南台」駅 徒歩24～35分</li>
kanagawa,konandai,洋光台北,76700,,,,,,,横浜市磯子区洋光台2-1ほか,3-25号棟,鉄筋コンクリート造、鉄骨鉄筋コンクリート造,3,N,302号室,2DK,41,5,72400,4300,2か月,"['近居割', '近居割WIDE']",随時,https://www.ur-net.go.jp/chintai/kanto/kanagawa/40_1290_room.html?JKSS=003250302,<li>JR京浜東北・根岸線「洋光台」駅 徒歩8～14分</li><li>横浜市営地下鉄ブルーライン「港南中央」駅バス9～11分 徒歩1～6分</li><li>JR京浜東北・根岸線「港南台」駅 徒歩24～35分</li>
kanagawa,konandai,洋光台北,76700,,,,,,,横浜市磯子区洋光台2-1ほか,3-27号棟,鉄筋コンクリート造、鉄骨鉄筋コンクリート造,4,N,401号室,2DK,41,5,72400,4300,2か月,"['近居割', '近居割WIDE']",随時,https://www.ur-net.go.jp/chintai/kanto/kanagawa/40_1290_room.html?JKSS=003270401,<li>JR京浜東北・根岸線「洋光台」駅 徒歩8～14分</li><li>横浜市営地下鉄ブルーライン「港南中央」駅バス9～11分 徒歩1～6分</li><li>JR京浜東北・根岸線「港南台」駅 徒歩24～35分</li>
kanagawa,konandai,洋光台北,92900,,,,,,,横浜市磯子区洋光台2-1ほか,1-6号棟,鉄筋コンクリート造、鉄骨鉄筋コンクリート造,5,N,506号室,2LDK,50,5,88600,4300,2か月,"['近居割', '近居割WIDE']",随時,https://www.ur-net.go.jp/chintai/kanto/kanagawa/40_1290_room.html?JKSS=001060506,<li>JR京浜東北・根岸線「洋光台」駅 徒歩8～14分</li><li>横浜市営地下鉄ブルーライン「港南中央」駅バス9～11分 徒歩1～6分</li><li>JR京浜東北・根岸線「港南台」駅 徒歩24～35分</li>
kanagawa,konandai,洋光台西,78400,,,,,,,横浜市磯子区洋光台5-19,5号棟,鉄筋コンクリート造、鉄骨鉄筋コンクリート造,5,N,503号室,2DK,42,5,73600,4800,2か月,"['近居割', '近居割WIDE']",随時,https://www.ur-net.go.jp/chintai/kanto/kanagawa/40_1680_room.html?JKSS=000050503,<li>JR京浜東北・根岸線「洋光台」駅 徒歩8～9分</li><li>横浜市営地下鉄ブルーライン「上永谷」駅バス20分 徒歩8分</li><li>JR京浜東北・根岸線「港南台」駅 徒歩23分</li>
kanagawa,konandai,洋光台西,92000,,,,,,,横浜市磯子区洋光台5-19,8号棟,鉄筋コンクリート造、鉄骨鉄筋コンクリート造,5,N,504号室,3DK,52,5,87200,4800,2か月,"['近居割', '近居割WIDE']",随時,https://www.ur-net.go.jp/chintai/kanto/kanagawa/40_1680_room.html?JKSS=000080504,<li>JR京浜東北・根岸線「洋光台」駅 徒歩8～9分</li><li>横浜市営地下鉄ブルーライン「上永谷」駅バス20分 徒歩8分</li><li>JR京浜東北・根岸線「港南台」駅 徒歩23分</li>
kanagawa,konandai,洋光台中央,79900,,,,,,,横浜市磯子区洋光台3-13ほか,13-2号棟,鉄骨鉄筋コンクリート造,10,N,1007号室,2DK,42,12,75500,4400,2か月,['URライト(定期借家)'],随時,https://www.ur-net.go.jp/chintai/kanto/kanagawa/40_1300_room.html?JKSS=013021007,<li>JR京浜東北・根岸線「洋光台」駅 徒歩1～5分</li><li>京急本線「上大岡」駅バス21分 徒歩1～5分</li><li>横浜市営地下鉄ブルーライン「港南中央」駅バス18分 徒歩1～5分</li>
kanagawa,konandai,洋光台中央,84700,,,,,,,横浜市磯子区洋光台3-13ほか,1-5号棟,鉄骨鉄筋コンクリート造,9,N,915号室,2DK,42,11,80300,4400,2か月,"['近居割', '近居割WIDE']",随時,https://www.ur-net.go.jp/chintai/kanto/kanagawa/40_1300_room.html?JKSS=001050915,<li>JR京浜東北・根岸線「洋光台」駅 徒歩1～5分</li><li>京急本線「上大岡」駅バス21分 徒歩1～5分</li><li>横浜市営地下鉄ブルーライン「港南中央」駅バス18分 徒歩1～5分</li>
kanagawa,konandai,磯子三丁目,83400,,,,,,,横浜市磯子区磯子3-6,1号棟,鉄骨鉄筋コンクリート造,6,N,612号室,2DK,44,16,81700,1700,2か月,"['近居割', '近居割WIDE']",随時,https://www.ur-net.go.jp/chintai/kanto/kanagawa/40_1480_room.html?JKSS=000010612,<li>JR京浜東北・根岸線「磯子」駅 徒歩4～5分</li><li>JR京浜東北・根岸線「根岸」駅バス8分 徒歩2分</li><li>京急本線「屏風浦」駅バス7分 徒歩1分</li>
kanagawa,konandai,磯子三丁目,88600,,,,,,,横浜市磯子区磯子3-6,1号棟,鉄骨鉄筋コンクリート造,10,N,1019号室,2DK,47,16,86900,1700,2か月,"['近居割', '近居割WIDE']",随時,https://www.ur-net.go.jp/chintai/kanto/kanagawa/40_1480_room.html?JKSS=000011019,<li>JR京浜東北・根岸線「磯子」駅 徒歩4～5分</li><li>JR京浜東北・根岸線「根岸」駅バス8分 徒歩2分</li><li>京急本線「屏風浦」駅バス7分 徒歩1分</li>
kanagawa,konandai,磯子杉田台,103200,,,,,,,横浜市磯子区杉田坪呑2ほか,2-1号棟,鉄筋コンクリート造,4,N,403号室,3DK,63,5,98800,4400,2か月,"['近居割', '近居割WIDE']",随時,https://www.ur-net.go.jp/chintai/kanto/kanagawa/40_2620_room.html?JKSS=002010403,<li>京急本線「杉田」駅 徒歩12～14分</li><li>JR根岸線・金沢シーサイドライン「新杉田」駅バス7分 徒歩2～4分</li><li>JR根岸線「磯子」駅バス13分 徒歩10～12分</li>
kanagawa,konandai,磯子杉田台,113800,,,,,,,横浜市磯子区杉田坪呑2ほか,1-1号棟,鉄筋コンクリート造,2,N,203号室,3LDK,72,5,109400,4400,2か月,"['近居割', '近居割WIDE']",随時,https://www.ur-net.go.jp/chintai/kanto/kanagawa/40_2620_room.html?JKSS=001010203,<li>京急本線「杉田」駅 徒歩12～14分</li><li>JR根岸線・金沢シーサイドライン「新杉田」駅バス7分 徒歩2～4分</li><li>JR根岸線「磯子」駅バス13分 徒歩10～12分</li>
kanagawa,konandai,磯子杉田台,130400,,,,,,,横浜市磯子区杉田坪呑2ほか,2-2号棟,鉄筋コンクリート造,3,N,301号室,4DK,73,7,126000,4400,2か月,"['近居割', '近居割WIDE']",随時,https://www.ur-net.go.jp/chintai/kanto/kanagawa/40_2620_room.html?JKSS=002020301,<li>京急本線「杉田」駅 徒歩12～14分</li><li>JR根岸線・金沢シーサイドライン「新杉田」駅バス7分 徒歩2～4分</li><li>JR根岸線「磯子」駅バス13分 徒歩10～12分</li>
kanagawa,konandai,磯子杉田台Ⅱ,154700,,,,,,,横浜市磯子区杉田坪呑1-4,1-4号棟,鉄筋コンクリート造,1,N,101号室,3LDK,90,6,150300,4400,2か月,"['近居割', '近居割WIDE']",随時,https://www.ur-net.go.jp/chintai/kanto/kanagawa/40_3940_room.html?JKSS=001040101,<li>京急本線「杉田」駅 徒歩13分</li><li>JR根岸線・金沢シーサイドライン「新杉田」駅バス7分 徒歩2分</li>
kanagawa,seasidetown,金沢シーサイドタウン　柴,87300,,,,,,,横浜市金沢区柴町367,1号棟,鉄筋コンクリート造,4,N,403号室,3LDK,70,4,83500,3800,2か月,['そのママ割'],随時,https://www.ur-net.go.jp/chintai/kanto/kanagawa/40_2500_room.html?JKSS=000010403,<li>京急本線「金沢文庫」駅バス10分 徒歩4～5分</li><li>シーサイドライン「八景島」駅 徒歩7分</li><li>シーサイドライン「海の公園柴口」駅 徒歩11～12分</li>
kanagawa,seasidetown,金沢シーサイドタウン　柴,109800,,,,,,,横浜市金沢区柴町367,3号棟,鉄筋コンクリート造,4,N,403号室,3LDK,70,5,106000,3800,2か月,"['近居割', '近居割WIDE']",随時,https://www.ur-net.go.jp/chintai/kanto/kanagawa/40_2500_room.html?JKSS=000030403,<li>京急本線「金沢文庫」駅バス10分 徒歩4～5分</li><li>シーサイドライン「八景島」駅 徒歩7分</li><li>シーサイドライン「海の公園柴口」駅 徒歩11～12分</li>
kanagawa,seasidetown,金沢シーサイドタウン　並木一丁目第二,90800,,,,,,,横浜市金沢区並木1,18-3号棟,鉄筋コンクリート造,5,N,502号室,2LDK,66,5,86100,4700,2か月,"['近居割', '近居割WIDE']",随時,https://www.ur-net.go.jp/chintai/kanto/kanagawa/40_1990_room.html?JKSS=018030502,<li>シーサイドライン「並木北」駅 徒歩6～10分</li><li>京急本線「京急富岡」駅 徒歩14～18分</li><li>シーサイドライン「並木中央」駅 徒歩7～13分</li><li>シーサイドライン「鳥浜」駅 徒歩12～13分</li>
kanagawa,seasidetown,金沢シーサイドタウン　並木一丁目第二,97100,,,,,,,横浜市金沢区並木1,23-1号棟,鉄筋コンクリート造,4,N,404号室,2LDK,66,5,92400,4700,2か月,"['近居割', '近居割WIDE']",随時,https://www.ur-net.go.jp/chintai/kanto/kanagawa/40_1990_room.html?JKSS=023010404,<li>シーサイドライン「並木北」駅 徒歩6～10分</li><li>京急本線「京急富岡」駅 徒歩14～18分</li><li>シーサイドライン「並木中央」駅 徒歩7～13分</li><li>シーサイドライン「鳥浜」駅 徒歩12～13分</li>
kanagawa,seasidetown,金沢シーサイドタウン　並木二丁目,98800,,,,,,,横浜市金沢区並木2,7-7号棟,鉄筋コンクリート造,1,N,104号室,2LDK,68,8,94500,4300,2か月,"['近居割', '近居割WIDE']",随時,https://www.ur-net.go.jp/chintai/kanto/kanagawa/40_2040_room.html?JKSS=007070104,<li>シーサイドライン「並木中央」駅 徒歩7～14分</li><li>京急本線「京急富岡」駅 徒歩11～14分</li><li>京急本線「能見台」駅 徒歩22～24分</li>
kanagawa,seasidetown,ビーコンヒル能見台ウエストヒル,125100,,,,,,,横浜市金沢区能見台東8,2号棟,鉄筋コンクリート造,12,N,1209号室,2LDK,62,14,119200,5900,2か月,['近居割'],随時,https://www.ur-net.go.jp/chintai/kanto/kanagawa/40_3260_room.html?JKSS=000021209,<li>京急本線「能見台」駅 徒歩11分</li><li>JR京浜東北・根岸線「洋光台」駅バス20分 徒歩7分</li><li>京急本線「京急富岡」駅 徒歩17～18分</li>
kanagawa,seasidetown,ビーコンヒル能見台イーストプラザ,167300,,,,,,,横浜市金沢区能見台東1-1,,鉄筋コンクリート造,8,N,810号室,2LDK,65,9,161200,6100,2か月,['近居割'],随時,https://www.ur-net.go.jp/chintai/kanto/kanagawa/40_3970_room.html?JKSS=000000810,<li>京急本線「能見台」駅 徒歩3分</li>
kanagawa,hodogaya,前田町,88300,,,,,,,横浜市戸塚区前田町67-3,,鉄骨鉄筋コンクリート造,5,N,507号室,1LDK,48,7,84200,4100,2か月,['近居割'],随時,https://www.ur-net.go.jp/chintai/kanto/kanagawa/40_1740_room.html?JKSS=000000507,<li>JR横須賀線ほか「東戸塚」駅 徒歩15分</li><li>JR東海道線ほか・横浜市営地下鉄ブルーライン「戸塚」駅 バス15分 徒歩1分</li>
kanagawa,hodogaya,前田町,88300,,,,,,,横浜市戸塚区前田町67-3,,鉄骨鉄筋コンクリート造,5,N,509号室,1LDK,48,7,84200,4100,2か月,['近居割'],随時,https://www.ur-net.go.jp/chintai/kanto/kanagawa/40_1740_room.html?JKSS=000000509,<li>JR横須賀線ほか「東戸塚」駅 徒歩15分</li><li>JR東海道線ほか・横浜市営地下鉄ブルーライン「戸塚」駅 バス15分 徒歩1分</li>
kanagawa,konandai,公田町,51200,,,,,,,横浜市栄区公田町740,12号棟,鉄筋コンクリート造,1,N,107号室,3K,45,5,47600,3600,2か月,['URライト(定期借家)'],随時,https://www.ur-net.go.jp/chintai/kanto/kanagawa/40_0940_room.html?JKSS=000012107,<li>JR東海道本線「大船」駅バス12～15分 徒歩1～4分</li><li>JR京浜東北・根岸線「本郷台」駅 徒歩18～23分</li><li>京急本線「金沢八景」駅バス29分 徒歩11～13分</li>
kanagawa,konandai,公田町,62100,,,,,,,横浜市栄区公田町740,20号棟,鉄筋コンクリート造,3,N,307号室,3K,45,5,58500,3600,2か月,"['近居割', '近居割WIDE']",随時,https://www.ur-net.go.jp/chintai/kanto/kanagawa/40_0940_room.html?JKSS=000020307,<li>JR東海道本線「大船」駅バス12～15分 徒歩1～4分</li><li>JR京浜東北・根岸線「本郷台」駅 徒歩18～23分</li><li>京急本線「金沢八景」駅バス29分 徒歩11～13分</li>
kanagawa,konandai,公田町,63300,,,,,,,横浜市栄区公田町740,19号棟,鉄筋コンクリート造,2,N,206号室,3K,45,5,59700,3600,2か月,"['近居割', '近居割WIDE']",随時,https://www.ur-net.go.jp/chintai/kanto/kanagawa/40_0940_room.html?JKSS=000019206,<li>JR東海道本線「大船」駅バス12～15分 徒歩1～4分</li><li>JR京浜東北・根岸線「本郷台」駅 徒歩18～23分</li><li>京急本線「金沢八景」駅バス29分 徒歩11～13分</li>
kanagawa,konandai,飯島,69300,,,,,,,横浜市栄区飯島町527,4-9号棟,鉄筋コンクリート造、鉄骨鉄筋コンクリート造,4,N,403号室,2LDK,50,5,65600,3700,2か月,"['近居割', '近居割WIDE']",随時,https://www.ur-net.go.jp/chintai/kanto/kanagawa/40_1170_room.html?JKSS=000409403,<li>JR東海道本線「戸塚」駅バス13分 徒歩1～9分</li><li>JR京浜東北・根岸線「本郷台」駅 徒歩24～30分</li><li>JR東海道本線「大船」駅バス7分 徒歩6～13分</li>
kanagawa,konandai,飯島,70700,,,,,,,横浜市栄区飯島町527,4-4号棟,鉄筋コンクリート造、鉄骨鉄筋コンクリート造,4,N,405号室,3DK,50,5,67000,3700,2か月,"['近居割', '近居割WIDE']",随時,https://www.ur-net.go.jp/chintai/kanto/kanagawa/40_1170_room.html?JKSS=000404405,<li>JR東海道本線「戸塚」駅バス13分 徒歩1～9分</li><li>JR京浜東北・根岸線「本郷台」駅 徒歩24～30分</li><li>JR東海道本線「大船」駅バス7分 徒歩6～13分</li>
kanagawa,konandai,飯島,70800,,,,,,,横浜市栄区飯島町527,6-1号棟,鉄筋コンクリート造、鉄骨鉄筋コンクリート造,7,N,703号室,3DK,54,7,67100,3700,2か月,"['近居割', '近居割WIDE']",随時,https://www.ur-net.go.jp/chintai/kanto/kanagawa/40_1170_room.html?JKSS=000601703,<li>JR東海道本線「戸塚」駅バス13分 徒歩1～9分</li><li>JR京浜東北・根岸線「本郷台」駅 徒歩24～30分</li><li>JR東海道本線「大船」駅バス7分 徒歩6～13分</li>
kanagawa,konandai,飯島,74400,,,,,,,横浜市栄区飯島町527,2-5号棟,鉄筋コンクリート造、鉄骨鉄筋コンクリート造,6,N,605号室,3DK,54,7,70700,3700,2か月,"['近居割', '近居割WIDE']",随時,https://www.ur-net.go.jp/chintai/kanto/kanagawa/40_1170_room.html?JKSS=000205605,<li>JR東海道本線「戸塚」駅バス13分 徒歩1～9分</li><li>JR京浜東北・根岸線「本郷台」駅 徒歩24～30分</li><li>JR東海道本線「大船」駅バス7分 徒歩6～13分</li>
kanagawa,sagamiono,グリーンスクエア大野台,102200,,,,,,,相模原市南区大野台6-5,1号棟,鉄筋コンクリート造,3,N,303号室,3DK,62,4,99300,2900,2か月,['近居割'],随時,https://www.ur-net.go.jp/chintai/kanto/kanagawa/40_2510_room.html?JKSS=000010303,<li>JR横浜線「古淵」駅 徒歩10～11分</li><li>小田急小田原線「相模大野」駅バス12分 徒歩4～5分</li><li>JR横浜線「相模原」駅バス18分   徒歩2～4分</li>
kanagawa,sagamiono,グリーンスクエア大野台,109900,,,,,,,相模原市南区大野台6-5,5号棟,鉄筋コンクリート造,4,N,406号室,3DK,61,4,107000,2900,2か月,['近居割'],随時,https://www.ur-net.go.jp/chintai/kanto/kanagawa/40_2510_room.html?JKSS=000050406,<li>JR横浜線「古淵」駅 徒歩10～11分</li><li>小田急小田原線「相模大野」駅バス12分 徒歩4～5分</li><li>JR横浜線「相模原」駅バス18分   徒歩2～4分</li>
kanagawa,sagamiono,下大槻,44000,,,,,,,秦野市下大槻410,1-10号棟,鉄筋コンクリート造、鉄骨鉄筋コンクリート造,4,N,404号室,2DK,43,5,41100,2900,2か月,['近居割'],随時,https://www.ur-net.go.jp/chintai/kanto/kanagawa/40_1500_room.html?JKSS=000110404,<li>小田急小田原線「東海大学前」駅バス6分 徒歩2～10分</li><li>小田急小田原線「鶴巻温泉」駅バス12分 徒歩2～10分</li><li>JR東海道本線「平塚」駅バス29分 徒歩4～13分</li>
kanagawa,sagamiono,下大槻,51400,,,,,,,秦野市下大槻410,1-7号棟,鉄筋コンクリート造、鉄骨鉄筋コンクリート造,4,N,407号室,3DK,53,5,48500,2900,2か月,['近居割'],随時,https://www.ur-net.go.jp/chintai/kanto/kanagawa/40_1500_room.html?JKSS=000107407,<li>小田急小田原線「東海大学前」駅バス6分 徒歩2～10分</li><li>小田急小田原線「鶴巻温泉」駅バス12分 徒歩2～10分</li><li>JR東海道本線「平塚」駅バス29分 徒歩4～13分</li>
kanagawa,sagamiono,鳶尾,51100,,,,,,,厚木市鳶尾2ほか,25-3号棟,鉄筋コンクリート造、鉄骨鉄筋コンクリート造,5,N,506号室,3K,56,9,47100,4000,2か月,['U35割'],随時,https://www.ur-net.go.jp/chintai/kanto/kanagawa/40_1790_room.html?JKSS=025030506,<li>小田急小田原線「本厚木」駅バス28分 徒歩2～6分</li>
kanagawa,sagamiono,鳶尾,55200,,,,,,,厚木市鳶尾2ほか,1-1号棟,鉄筋コンクリート造、鉄骨鉄筋コンクリート造,3,N,302号室,3K,47,5,51200,4000,2か月,[],随時,https://www.ur-net.go.jp/chintai/kanto/kanagawa/40_1790_room.html?JKSS=001010302,<li>小田急小田原線「本厚木」駅バス28分 徒歩2～6分</li>
kanagawa,sagamiono,鳶尾,55500,,,,,,,厚木市鳶尾2ほか,1-2号棟,鉄筋コンクリート造、鉄骨鉄筋コンクリート造,3,N,302号室,2DK,47,5,51500,4000,2か月,[],随時,https://www.ur-net.go.jp/chintai/kanto/kanagawa/40_1790_room.html?JKSS=001020302,<li>小田急小田原線「本厚木」駅バス28分 徒歩2～6分</li>
kanagawa,sagamiono,鳶尾,56100,,,,,,,厚木市鳶尾2ほか,1-2号棟,鉄筋コンクリート造、鉄骨鉄筋コンクリート造,1,N,102号室,3K,47,5,52100,4000,2か月,[],随時,https://www.ur-net.go.jp/chintai/kanto/kanagawa/40_1790_room.html?JKSS=001020102,<li>小田急小田原線「本厚木」駅バス28分 徒歩2～6分</li>
kanagawa,sagamiono,鳶尾,56400,,,,,,,厚木市鳶尾2ほか,1-3号棟,鉄筋コンクリート造、鉄骨鉄筋コンクリート造,2,N,204号室,3K,47,5,52400,4000,2か月,[],随時,https://www.ur-net.go.jp/chintai/kanto/kanagawa/40_1790_room.html?JKSS=001030204,<li>小田急小田原線「本厚木」駅バス28分 徒歩2～6分</li>
kanagawa,fujisawa,上和田,53800,,,,,,,大和市上和田2412,1-4号棟,鉄筋コンクリート造,5,N,505号室,3K,47,5,50700,3100,2か月,"['近居割', '近居割WIDE']",随時,https://www.ur-net.go.jp/chintai/kanto/kanagawa/40_1240_room.html?JKSS=000104505,<li>相鉄本線「大和」駅バス15～20分 徒歩1～5分</li><li>小田急江ノ島線「高座渋谷」駅 徒歩13～20分</li><li>相鉄いずみ野線「いずみ中央」駅バス13分 徒歩6～14分</li>
kanagawa,sagamiono,さがみ野さくら,95100,,,,,,,座間市東原5-1,13号棟,鉄筋コンクリート造,4,N,401号室,3LDK,69,5,92900,2200,2か月,['近居割'],随時,https://www.ur-net.go.jp/chintai/kanto/kanagawa/40_2430_room.html?JKSS=000130401,<li>相鉄本線「さがみ野」駅 徒歩8～10分</li><li>小田急江ノ島線「南林間」駅バス9分 徒歩1～3分</li><li>小田急小田原線「座間」駅バス8分 徒歩9～11分</li>
kanagawa,shonan,サンヴァリエ平塚,69100,,,,,,,平塚市高村203,17号棟,鉄筋コンクリート造、鉄骨鉄筋コンクリート造,3,N,302号室,1LDK,50,8,66000,3100,2か月,['近居割WIDE'],随時,https://www.ur-net.go.jp/chintai/kanto/kanagawa/40_1780_room.html?JKSS=000170302,<li>JR東海道本線「平塚」駅バス20分 徒歩1～3分</li><li>小田急小田原線「伊勢原」駅バス33分 徒歩2～5分</li><li>JR東海道本線「大磯」駅 徒歩53～56分</li>
kanagawa,shonan,サンヴァリエ平塚,69100,,,,,,,平塚市高村203,19号棟,鉄筋コンクリート造、鉄骨鉄筋コンクリート造,3,N,307号室,2DK,50,8,66000,3100,2か月,['近居割WIDE'],随時,https://www.ur-net.go.jp/chintai/kanto/kanagawa/40_1780_room.html?JKSS=000190307,<li>JR東海道本線「平塚」駅バス20分 徒歩1～3分</li><li>小田急小田原線「伊勢原」駅バス33分 徒歩2～5分</li><li>JR東海道本線「大磯」駅 徒歩53～56分</li>
kanagawa,shonan,サンヴァリエ平塚,69600,,,,,,,平塚市高村203,11号棟,鉄筋コンクリート造、鉄骨鉄筋コンクリート造,3,N,301号室,1LDK,50,8,66500,3100,2か月,['近居割WIDE'],随時,https://www.ur-net.go.jp/chintai/kanto/kanagawa/40_1780_room.html?JKSS=000110301,<li>JR東海道本線「平塚」駅バス20分 徒歩1～3分</li><li>小田急小田原線「伊勢原」駅バス33分 徒歩2～5分</li><li>JR東海道本線「大磯」駅 徒歩53～56分</li>
kanagawa,shonan,サンヴァリエ平塚,69600,,,,,,,平塚市高村203,16号棟,鉄筋コンクリート造、鉄骨鉄筋コンクリート造,3,N,308号室,1LDK,50,8,66500,3100,2か月,['近居割WIDE'],随時,https://www.ur-net.go.jp/chintai/kanto/kanagawa/40_1780_room.html?JKSS=000160308,<li>JR東海道本線「平塚」駅バス20分 徒歩1～3分</li><li>小田急小田原線「伊勢原」駅バス33分 徒歩2～5分</li><li>JR東海道本線「大磯」駅 徒歩53～56分</li>
kanagawa,shonan,サンヴァリエ平塚,69600,,,,,,,平塚市高村203,16号棟,鉄筋コンクリート造、鉄骨鉄筋コンクリート造,5,N,507号室,1LDK,50,8,66500,3100,2か月,['近居割WIDE'],随時,https://www.ur-net.go.jp/chintai/kanto/kanagawa/40_1780_room.html?JKSS=000160507,<li>JR東海道本線「平塚」駅バス20分 徒歩1～3分</li><li>小田急小田原線「伊勢原」駅バス33分 徒歩2～5分</li><li>JR東海道本線「大磯」駅 徒歩53～56分</li>
kanagawa,shonan,サニーメゾン平塚,80800,,,,,,,平塚市田村2-9,5号棟,鉄筋コンクリート造,5,N,504号室,3LDK,80,5,78300,2500,2か月,['近居割'],随時,https://www.ur-net.go.jp/chintai/kanto/kanagawa/40_2110_room.html?JKSS=000050504,<li>JR東海道本線「平塚」駅バス16分 徒歩2～4分</li><li>小田急小田原線「本厚木」駅バス24分 徒歩4～6分</li><li>JR相模線「寒川」駅 徒歩37～38分</li>
kanagawa,fujisawa,善行,60200,<li>小田急江ノ島線「善行」駅,11,19,,,,藤沢市善行団地1-1ほか,2-1号棟,鉄筋コンクリート造,5,N,502号室,3K,48,5,57400,2800,2か月,"['近居割', '近居割WIDE']",随時,https://www.ur-net.go.jp/chintai/kanto/kanagawa/40_1040_room.html?JKSS=000201502,<li>小田急江ノ島線「善行」駅 徒歩11～19分 又はバス4～8分 徒歩1～5分</li>
kanagawa,fujisawa,湘南ライフタウンパークサイド駒寄,95500,,,,,,,藤沢市大庭5682-6ほか,4号棟,鉄筋コンクリート造,5,N,503号室,2LDK,62,5,92300,3200,2か月,"['近居割', '近居割WIDE']",随時,https://www.ur-net.go.jp/chintai/kanto/kanagawa/40_2870_room.html?JKSS=000040503,<li>JR東海道本線「辻堂」駅バス11分 徒歩1～2分</li><li>小田急江ノ島線「湘南台」駅バス22分 徒歩1～2分</li><li>小田急江ノ島線「善行」駅バス13分 徒歩1～2分</li>
kanagawa,fujisawa,湘南ライフタウンパークサイド駒寄,100500,,,,,,,藤沢市大庭5682-6ほか,4号棟,鉄筋コンクリート造,3,N,303号室,2LDK,62,5,97300,3200,2か月,"['近居割', '近居割WIDE']",随時,https://www.ur-net.go.jp/chintai/kanto/kanagawa/40_2870_room.html?JKSS=000040303,<li>JR東海道本線「辻堂」駅バス11分 徒歩1～2分</li><li>小田急江ノ島線「湘南台」駅バス22分 徒歩1～2分</li><li>小田急江ノ島線「善行」駅バス13分 徒歩1～2分</li>
kanagawa,yokohama,ウェルシティ横須賀ポートバレーヌ４番館,130400,,,,,,,横須賀市東逸見町1-1,4号棟,鉄筋コンクリート造,10,N,1007号室,2LDK,66,12,125000,5400,2か月,['近居割'],随時,https://www.ur-net.go.jp/chintai/kanto/kanagawa/40_3960_room.html?JKSS=000041007,<li>JR横須賀線「横須賀」駅 徒歩3分</li><li>京急本線「逸見」駅 徒歩5分</li>
kanagawa,shonan,鶴が台,53800,,,,,,,茅ヶ崎市鶴が台,9-6号棟,鉄筋コンクリート造,5,N,503号室,3K,48,5,51000,2800,2か月,['近居割'],随時,https://www.ur-net.go.jp/chintai/kanto/kanagawa/40_1160_room.html?JKSS=000906503,<li>JR東海道本線「茅ケ崎」駅バス9～13分 徒歩1～5分</li><li>JR相模線「北茅ケ崎」駅 徒歩14～19分</li><li>JR相模線「香川」駅 徒歩15～23分</li>
kanagawa,shonan,浜見平,105700,,,,,,,茅ヶ崎市浜見平6-2ほか,6-2号棟,鉄筋コンクリート造,4,N,402号室,3LDK,70,5,103200,2500,2か月,"['近居割', '近居割WIDE']",随時,https://www.ur-net.go.jp/chintai/kanto/kanagawa/40_0971_room.html?JKSS=006020402,<li>JR東海道本線「茅ケ崎」駅バス13分 徒歩2分</li>
kanagawa,shonan,浜見平,110800,,,,,,,茅ヶ崎市浜見平6-2ほか,6-2号棟,鉄筋コンクリート造,5,N,501号室,3LDK,70,5,108300,2500,2か月,"['近居割', '近居割WIDE']",随時,https://www.ur-net.go.jp/chintai/kanto/kanagawa/40_0971_room.html?JKSS=006020501,<li>JR東海道本線「茅ケ崎」駅バス13分 徒歩2分</li>
kanagawa,shonan,浜見平,116000,,,,,,,茅ヶ崎市浜見平6-2ほか,6-2号棟,鉄筋コンクリート造,3,N,301号室,3LDK,70,5,113500,2500,2か月,"['近居割', '近居割WIDE']",随時,https://www.ur-net.go.jp/chintai/kanto/kanagawa/40_0971_room.html?JKSS=006020301,<li>JR東海道本線「茅ケ崎」駅バス13分 徒歩2分</li>
kanagawa,shonan,浜見平,116000,,,,,,,茅ヶ崎市浜見平6-2ほか,6-2号棟,鉄筋コンクリート造,3,N,306号室,3LDK,70,5,113500,2500,2か月,"['近居割', '近居割WIDE']",随時,https://www.ur-net.go.jp/chintai/kanto/kanagawa/40_0971_room.html?JKSS=006020306,<li>JR東海道本線「茅ケ崎」駅バス13分 徒歩2分</li>
chiba,inageekimae,さつきが丘,51900,,,,,,,千葉市花見川区さつきが丘1ほか,1-29-10号棟,鉄筋コンクリート造,4,N,401号室,3DK,52,5,49800,2100,2か月,"['近居割', '近居割WIDE']",随時,https://www.ur-net.go.jp/chintai/kanto/chiba/30_2300_room.html?JKSS=129100401,<li>JR総武線「新検見川」駅バス11分 徒歩1～8分</li><li>JR総武線「稲毛」駅バス20分 徒歩2～8分</li><li>京成千葉線「検見川」駅 徒歩41～52分</li>
chiba,hanamigawa,グリーンプラザ花見川（花見川（第５次））,122460,,,,,,,千葉市花見川区花見川4-16,4-16号棟,鉄筋コンクリート造,7,N,720号室,4LDK,91,11,118600,3860,2か月,"['近居割', '近居割WIDE']",随時,https://www.ur-net.go.jp/chintai/kanto/chiba/30_1682_room.html?JKSS=004160720,<li>京成本線「八千代台」駅 バス6分 徒歩4分</li>
chiba,chibasaiwaicho,千葉幸町,3910049100,,,,,,,千葉市美浜区幸町2,13-9号棟,鉄筋コンクリート造,1,N,105号室,2DK,41,5,3910046000,3100,2か月,['高齢者向け優良賃貸住宅'],随時,https://www.ur-net.go.jp/chintai/kanto/chiba/30_1810_room.html?JKSS=013009105,<li>京成千葉線「みどり台」駅 徒歩11～20分</li><li>JR京葉線「稲毛海岸」駅 徒歩19～23分</li><li>JR総武線「稲毛」駅 徒歩22～26分</li><li>京成千葉線「京成稲毛」駅 徒歩21～28分</li><li>JR総武線「西千葉」駅 徒歩14～26分</li><li>京成千葉線「西登戸」駅 徒歩10～24分</li>
chiba,chibasaiwaicho,高洲第一,54100,,,,,,,千葉市美浜区高洲2ほか,2-3-5号棟,鉄筋コンクリート造、鉄骨鉄筋コンクリート造,4,N,403号室,3DK,56,5,51900,2200,2か月,['そのママ割'],随時,https://www.ur-net.go.jp/chintai/kanto/chiba/30_2390_room.html?JKSS=203050403,<li>JR京葉線「稲毛海岸」駅 徒歩6～20分</li><li>JR総武線「稲毛」駅バス5分 徒歩7分</li><li>京成千葉線「みどり台」駅 徒歩22～33分</li><li>京成千葉線「京成稲毛」駅 徒歩20～28分</li>
chiba,chibasaiwaicho,高洲第一,75800,,,,,,,千葉市美浜区高洲2ほか,3-3-4号棟,鉄筋コンクリート造、鉄骨鉄筋コンクリート造,5,N,501号室,1LDK,54,5,73600,2200,2か月,"['近居割', '近居割WIDE']",随時,https://www.ur-net.go.jp/chintai/kanto/chiba/30_2390_room.html?JKSS=303040501,<li>JR京葉線「稲毛海岸」駅 徒歩6～20分</li><li>JR総武線「稲毛」駅バス5分 徒歩7分</li><li>京成千葉線「みどり台」駅 徒歩22～33分</li><li>京成千葉線「京成稲毛」駅 徒歩20～28分</li>
chiba,chibasaiwaicho,高洲第一,75800,,,,,,,千葉市美浜区高洲2ほか,3-3-8号棟,鉄筋コンクリート造、鉄骨鉄筋コンクリート造,5,N,504号室,1LDK,54,5,73600,2200,2か月,"['近居割', '近居割WIDE']",随時,https://www.ur-net.go.jp/chintai/kanto/chiba/30_2390_room.html?JKSS=303080504,<li>JR京葉線「稲毛海岸」駅 徒歩6～20分</li><li>JR総武線「稲毛」駅バス5分 徒歩7分</li><li>京成千葉線「みどり台」駅 徒歩22～33分</li><li>京成千葉線「京成稲毛」駅 徒歩20～28分</li>
chiba,kitanarashino,金杉台,53000,,,,,,,船橋市金杉台1ほか,2-1-2号棟,鉄筋コンクリート造,5,N,502号室,3DK,50,5,49800,3200,2か月,"['近居割', '近居割WIDE']",随時,https://www.ur-net.go.jp/chintai/kanto/chiba/30_2110_room.html?JKSS=201002502,<li>JR総武線「船橋」駅バス20分 徒歩2～7分</li><li>新京成電鉄「高根公団」駅 徒歩26～33分</li><li>新京成電鉄「三咲」駅 徒歩29～32分</li><li>東武野田線「馬込沢」駅 徒歩38～42分</li>
chiba,kitanarashino,金杉台,53000,,,,,,,船橋市金杉台1ほか,2-1-4号棟,鉄筋コンクリート造,5,N,501号室,3DK,50,5,49800,3200,2か月,"['近居割', '近居割WIDE']",随時,https://www.ur-net.go.jp/chintai/kanto/chiba/30_2110_room.html?JKSS=201004501,<li>JR総武線「船橋」駅バス20分 徒歩2～7分</li><li>新京成電鉄「高根公団」駅 徒歩26～33分</li><li>新京成電鉄「三咲」駅 徒歩29～32分</li><li>東武野田線「馬込沢」駅 徒歩38～42分</li>
chiba,kitanarashino,金杉台,54800,,,,,,,船橋市金杉台1ほか,1-3-11号棟,鉄筋コンクリート造,4,N,403号室,3DK,53,5,51600,3200,2か月,"['近居割', '近居割WIDE', 'キャンペーン家賃３年']",随時,https://www.ur-net.go.jp/chintai/kanto/chiba/30_2110_room.html?JKSS=103011403,<li>JR総武線「船橋」駅バス20分 徒歩2～7分</li><li>新京成電鉄「高根公団」駅 徒歩26～33分</li><li>新京成電鉄「三咲」駅 徒歩29～32分</li><li>東武野田線「馬込沢」駅 徒歩38～42分</li>
chiba,kitanarashino,金杉台,54900,,,,,,,船橋市金杉台1ほか,1-3-4号棟,鉄筋コンクリート造,3,N,304号室,3DK,50,5,51700,3200,2か月,"['近居割', '近居割WIDE']",随時,https://www.ur-net.go.jp/chintai/kanto/chiba/30_2110_room.html?JKSS=103004304,<li>JR総武線「船橋」駅バス20分 徒歩2～7分</li><li>新京成電鉄「高根公団」駅 徒歩26～33分</li><li>新京成電鉄「三咲」駅 徒歩29～32分</li><li>東武野田線「馬込沢」駅 徒歩38～42分</li>
chiba,kitanarashino,金杉台,54900,,,,,,,船橋市金杉台1ほか,1-3-12号棟,鉄筋コンクリート造,3,N,306号室,3DK,50,5,51700,3200,2か月,"['近居割', '近居割WIDE']",随時,https://www.ur-net.go.jp/chintai/kanto/chiba/30_2110_room.html?JKSS=103012306,<li>JR総武線「船橋」駅バス20分 徒歩2～7分</li><li>新京成電鉄「高根公団」駅 徒歩26～33分</li><li>新京成電鉄「三咲」駅 徒歩29～32分</li><li>東武野田線「馬込沢」駅 徒歩38～42分</li>
chiba,kitanarashino,芝山,80000,,,,,,,船橋市芝山1-40ほか,1-40-7号棟,鉄筋コンクリート造、鉄骨鉄筋コンクリート造,6,N,601号室,3DK,59,8,76900,3100,2か月,"['近居割', '近居割WIDE']",随時,https://www.ur-net.go.jp/chintai/kanto/chiba/30_2830_room.html?JKSS=140070601,<li>東葉高速鉄道「飯山満」駅 徒歩6～14分</li><li>JR総武線「船橋」駅バス16分 徒歩3～8分</li><li>新京成電鉄「北習志野」駅 徒歩35～40分</li>
chiba,tsudanuma,行田,6820096050,,,,,,,船橋市行田2-2ほか,1-1号棟,鉄筋コンクリート造、鉄骨鉄筋コンクリート造,1,N,108号室,2DK,59,8,6820093200,2850,2か月,['高齢者向け優良賃貸住宅'],随時,https://www.ur-net.go.jp/chintai/kanto/chiba/30_2680_room.html?JKSS=001010108,<li>JR総武線「西船橋」駅バス10分 徒歩1～5分</li><li>東武野田線「塚田」駅 徒歩17～23分</li><li>東武野田線「新船橋」駅 徒歩19～24分</li>
chiba,tsudanuma,谷津パークタウン弐番街,147800,,,,,,,習志野市谷津3-1,3-1-31号棟,鉄筋コンクリート造,3,N,314号室,3LDK,86,14,144800,3000,2か月,"['近居割', '近居割WIDE']",随時,https://www.ur-net.go.jp/chintai/kanto/chiba/30_4230_room.html?JKSS=301310314,<li>京成本線「谷津」駅 徒歩8分</li><li>JR総武線「津田沼」駅 バス5分 徒歩1分</li><li>JR京葉線「南船橋」駅 徒歩17分</li>
chiba,yurinokidaipc,村上,43900,,,,,,,八千代市村上1113-1,1-31号棟,鉄筋コンクリート造、鉄骨鉄筋コンクリート造,1,N,104号室,1DK,35,11,41500,2400,2か月,"['近居割', '近居割WIDE']",随時,https://www.ur-net.go.jp/chintai/kanto/chiba/30_2730_room.html?JKSS=001310104,<li>東葉高速線「村上」駅 徒歩8～17分</li><li>京成本線「勝田台」駅バス6～10分 徒歩1～6分</li><li>東葉高速線「東葉勝田台」駅バス6～10分 徒歩1～6分</li>
chiba,yurinokidaipc,村上,45600,,,,,,,八千代市村上1113-1,1-37号棟,鉄筋コンクリート造、鉄骨鉄筋コンクリート造,5,N,507号室,1DK,36,11,43200,2400,2か月,"['近居割', '近居割WIDE']",随時,https://www.ur-net.go.jp/chintai/kanto/chiba/30_2730_room.html?JKSS=001370507,<li>東葉高速線「村上」駅 徒歩8～17分</li><li>京成本線「勝田台」駅バス6～10分 徒歩1～6分</li><li>東葉高速線「東葉勝田台」駅バス6～10分 徒歩1～6分</li>
chiba,yurinokidaipc,村上,45800,,,,,,,八千代市村上1113-1,1-37号棟,鉄筋コンクリート造、鉄骨鉄筋コンクリート造,11,N,1102号室,1DK,36,11,43400,2400,2か月,"['近居割', '近居割WIDE']",随時,https://www.ur-net.go.jp/chintai/kanto/chiba/30_2730_room.html?JKSS=001371102,<li>東葉高速線「村上」駅 徒歩8～17分</li><li>京成本線「勝田台」駅バス6～10分 徒歩1～6分</li><li>東葉高速線「東葉勝田台」駅バス6～10分 徒歩1～6分</li>
chiba,yurinokidaipc,村上,46700,,,,,,,八千代市村上1113-1,1-35号棟,鉄筋コンクリート造、鉄骨鉄筋コンクリート造,2,N,209号室,1DK,36,11,44300,2400,2か月,"['近居割', '近居割WIDE']",随時,https://www.ur-net.go.jp/chintai/kanto/chiba/30_2730_room.html?JKSS=001350209,<li>東葉高速線「村上」駅 徒歩8～17分</li><li>京成本線「勝田台」駅バス6～10分 徒歩1～6分</li><li>東葉高速線「東葉勝田台」駅バス6～10分 徒歩1～6分</li>
chiba,yurinokidaipc,村上,66200,,,,,,,八千代市村上1113-1,2-8号棟,鉄筋コンクリート造、鉄骨鉄筋コンクリート造,2,N,204号室,2LDK,64,11,63800,2400,2か月,"['近居割', '近居割WIDE']",随時,https://www.ur-net.go.jp/chintai/kanto/chiba/30_2730_room.html?JKSS=002080204,<li>東葉高速線「村上」駅 徒歩8～17分</li><li>京成本線「勝田台」駅バス6～10分 徒歩1～6分</li><li>東葉高速線「東葉勝田台」駅バス6～10分 徒歩1～6分</li>
chiba,yurinokidaipc,八千代ゆりのき台パークシティ,126010,,,,,,,八千代市ゆりのき台3-7-1,6号棟,鉄筋コンクリート造,10,N,1004号室,3LDK,79,14,121600,4410,2か月,"['近居割', '近居割WIDE']",随時,https://www.ur-net.go.jp/chintai/kanto/chiba/30_5810_room.html?JKSS=000061004,<li>東葉高速鉄道「八千代中央」駅 徒歩3～9分</li><li>京成本線「八千代台」駅バス23分 徒歩3～7分</li><li>京成本線「京成大和田」駅 徒歩31～36分</li>
chiba,yurinokidaipc,八千代ゆりのき台パークシティ,133810,,,,,,,八千代市ゆりのき台3-7-1,1号棟,鉄筋コンクリート造,8,N,806号室,3LDK,80,8,129400,4410,2か月,"['近居割', '近居割WIDE']",随時,https://www.ur-net.go.jp/chintai/kanto/chiba/30_5810_room.html?JKSS=000010806,<li>東葉高速鉄道「八千代中央」駅 徒歩3～9分</li><li>京成本線「八千代台」駅バス23分 徒歩3～7分</li><li>京成本線「京成大和田」駅 徒歩31～36分</li>
chiba,yurinokidaipc,八千代ゆりのき台ライフタワー,160000,,,,,,,八千代市ゆりのき台4-5ほか,1号棟,鉄筋コンクリート造、鉄骨鉄筋コンクリート造,16,N,1605号室,4LDK,99,24,153500,6500,2か月,"['近居割', '近居割WIDE']",随時,https://www.ur-net.go.jp/chintai/kanto/chiba/30_4940_room.html?JKSS=000011605,<li>東葉高速鉄道「八千代中央」駅 徒歩4～5分</li><li>京成本線「八千代台」駅バス13分 徒歩6分</li><li>京成本線「京成大和田」駅 徒歩31分</li>
chiba,matsudo,常盤平,34310,,,,,,,松戸市常盤平2ほか,2-17号棟,鉄筋コンクリート造,4,N,403号室,2DK,38,4,32300,2010,2か月,['U35割'],随時,https://www.ur-net.go.jp/chintai/kanto/chiba/30_0600_room.html?JKSS=000217403,<li>新京成電鉄「常盤平」駅徒歩3～19分</li><li>新京成電鉄「五香」駅徒歩7～23分</li><li>ほか</li>
chiba,matsudo,常盤平,36610,,,,,,,松戸市常盤平2ほか,1-19号棟,鉄筋コンクリート造,3,N,304号室,1DK,30,4,34600,2010,2か月,['URライト(定期借家)'],随時,https://www.ur-net.go.jp/chintai/kanto/chiba/30_0600_room.html?JKSS=000119304,<li>新京成電鉄「常盤平」駅徒歩3～19分</li><li>新京成電鉄「五香」駅徒歩7～23分</li><li>ほか</li>
chiba,matsudo,常盤平,36610,,,,,,,松戸市常盤平2ほか,2-3号棟,鉄筋コンクリート造,4,N,403号室,1DK,30,4,34600,2010,2か月,['URライト(定期借家)'],随時,https://www.ur-net.go.jp/chintai/kanto/chiba/30_0600_room.html?JKSS=000203403,<li>新京成電鉄「常盤平」駅徒歩3～19分</li><li>新京成電鉄「五香」駅徒歩7～23分</li><li>ほか</li>
chiba,matsudo,常盤平,36610,,,,,,,松戸市常盤平2ほか,3-3号棟,鉄筋コンクリート造,4,N,405号室,1DK,30,4,34600,2010,2か月,['URライト(定期借家)'],随時,https://www.ur-net.go.jp/chintai/kanto/chiba/30_0600_room.html?JKSS=000303405,<li>新京成電鉄「常盤平」駅徒歩3～19分</li><li>新京成電鉄「五香」駅徒歩7～23分</li><li>ほか</li>
chiba,matsudo,常盤平,36610,,,,,,,松戸市常盤平2ほか,3-20号棟,鉄筋コンクリート造,4,N,412号室,1DK,30,4,34600,2010,2か月,['URライト(定期借家)'],随時,https://www.ur-net.go.jp/chintai/kanto/chiba/30_0600_room.html?JKSS=000320412,<li>新京成電鉄「常盤平」駅徒歩3～19分</li><li>新京成電鉄「五香」駅徒歩7～23分</li><li>ほか</li>
chiba,kashiwa,大津ヶ丘第二,62300,,,,,,,柏市大津ケ丘3-17,3-17-1号棟,鉄筋コンクリート造,4,N,404号室,3DK,67,4,59400,2900,2か月,['近居割'],随時,https://www.ur-net.go.jp/chintai/kanto/chiba/30_3750_room.html?JKSS=317010404,<li>JR常磐線「柏」駅バス11分 徒歩6～8分</li><li>東武野田線「増尾」駅 徒歩36～39分</li><li>東武野田線「逆井」駅 徒歩40～44分</li>
chiba,kashiwa,グリーンタウン光ヶ丘,99500,,,,,,,柏市光ヶ丘団地3ほか,11号棟,鉄筋コンクリート造,7,N,705号室,2LDK,62,7,94900,4600,2か月,['近居割'],随時,https://www.ur-net.go.jp/chintai/kanto/chiba/30_5300_room.html?JKSS=000110705,<li>JR常磐線「南柏」駅バス5分 徒歩2～4分</li><li>東武野田線「増尾」駅 徒歩27～33分</li><li>東武野田線「新柏」駅 徒歩22～24分</li>
chiba,kashiwa,パークサイド鎌ヶ谷,83700,,,,,,,鎌ケ谷市東中沢2-21ほか,12号棟,鉄筋コンクリート造,4,N,405号室,3LDK,72,5,80600,3100,2か月,['近居割'],随時,https://www.ur-net.go.jp/chintai/kanto/chiba/30_5580_room.html?JKSS=000120405,<li>東武野田線「鎌ケ谷」駅 徒歩12～15分</li><li>新京成電鉄「北初富」駅 徒歩13～17分</li><li>新京成電鉄「初富」駅 徒歩14～19分</li>
chiba,kashiwa,湖北台,37300,,,,,,,我孫子市湖北台7,67号棟,鉄筋コンクリート造,5,N,504号室,3K,48,5,34400,2900,2か月,"['近居割', 'キャンペーン家賃３年']",随時,https://www.ur-net.go.jp/chintai/kanto/chiba/30_1910_room.html?JKSS=007067504,<li>JR成田線「湖北」駅 徒歩12～22分</li><li>JR常磐線「天王台」駅バス9分 徒歩1分</li><li>JR成田線「東我孫子」駅 徒歩28～39分</li>
chiba,kashiwa,湖北台,38400,,,,,,,我孫子市湖北台7,46号棟,鉄筋コンクリート造,5,N,503号室,3K,47,5,35500,2900,2か月,['近居割'],随時,https://www.ur-net.go.jp/chintai/kanto/chiba/30_1910_room.html?JKSS=007046503,<li>JR成田線「湖北」駅 徒歩12～22分</li><li>JR常磐線「天王台」駅バス9分 徒歩1分</li><li>JR成田線「東我孫子」駅 徒歩28～39分</li>
chiba,kashiwa,湖北台,38400,,,,,,,我孫子市湖北台7,47号棟,鉄筋コンクリート造,5,N,505号室,3K,47,5,35500,2900,2か月,['近居割'],随時,https://www.ur-net.go.jp/chintai/kanto/chiba/30_1910_room.html?JKSS=007047505,<li>JR成田線「湖北」駅 徒歩12～22分</li><li>JR常磐線「天王台」駅バス9分 徒歩1分</li><li>JR成田線「東我孫子」駅 徒歩28～39分</li>
chiba,kashiwa,湖北台,39200,,,,,,,我孫子市湖北台7,51号棟,鉄筋コンクリート造,5,N,502号室,3K,48,5,36300,2900,2か月,['近居割'],随時,https://www.ur-net.go.jp/chintai/kanto/chiba/30_1910_room.html?JKSS=007051502,<li>JR成田線「湖北」駅 徒歩12～22分</li><li>JR常磐線「天王台」駅バス9分 徒歩1分</li><li>JR成田線「東我孫子」駅 徒歩28～39分</li>
chiba,kashiwa,湖北台,39200,,,,,,,我孫子市湖北台7,54号棟,鉄筋コンクリート造,5,N,503号室,3K,48,5,36300,2900,2か月,['近居割'],随時,https://www.ur-net.go.jp/chintai/kanto/chiba/30_1910_room.html?JKSS=007054503,<li>JR成田線「湖北」駅 徒歩12～22分</li><li>JR常磐線「天王台」駅バス9分 徒歩1分</li><li>JR成田線「東我孫子」駅 徒歩28～39分</li>
chiba,chibant,千葉ニュータウン高花,62200,,,,,,,印西市高花1-6,1-6-2号棟,鉄筋コンクリート造,4,N,403号室,3LDK,63,5,57300,4900,2か月,"['近居割', '近居割WIDE']",随時,https://www.ur-net.go.jp/chintai/kanto/chiba/30_4120_room.html?JKSS=106020403,<li>北総鉄道「千葉ニュータウン中央」駅バス6分 徒歩5～7分</li><li>北総鉄道「印西牧の原」駅 徒歩43～45分</li><li>JR成田線「木下」駅 徒歩73～78分</li>
chiba,chibant,千葉ニュータウン高花,62200,,,,,,,印西市高花1-6,1-6-9号棟,鉄筋コンクリート造,4,N,402号室,3LDK,63,5,57300,4900,2か月,"['近居割', '近居割WIDE']",随時,https://www.ur-net.go.jp/chintai/kanto/chiba/30_4120_room.html?JKSS=106090402,<li>北総鉄道「千葉ニュータウン中央」駅バス6分 徒歩5～7分</li><li>北総鉄道「印西牧の原」駅 徒歩43～45分</li><li>JR成田線「木下」駅 徒歩73～78分</li>
chiba,chibant,千葉ニュータウン高花,62300,,,,,,,印西市高花1-6,1-6-9号棟,鉄筋コンクリート造,4,N,401号室,3LDK,63,5,57400,4900,2か月,"['近居割', '近居割WIDE']",随時,https://www.ur-net.go.jp/chintai/kanto/chiba/30_4120_room.html?JKSS=106090401,<li>北総鉄道「千葉ニュータウン中央」駅バス6分 徒歩5～7分</li><li>北総鉄道「印西牧の原」駅 徒歩43～45分</li><li>JR成田線「木下」駅 徒歩73～78分</li>
chiba,chibant,千葉ニュータウン高花,62300,,,,,,,印西市高花1-6,1-6-13号棟,鉄筋コンクリート造,4,N,401号室,3LDK,63,5,57400,4900,2か月,"['近居割', '近居割WIDE']",随時,https://www.ur-net.go.jp/chintai/kanto/chiba/30_4120_room.html?JKSS=106130401,<li>北総鉄道「千葉ニュータウン中央」駅バス6分 徒歩5～7分</li><li>北総鉄道「印西牧の原」駅 徒歩43～45分</li><li>JR成田線「木下」駅 徒歩73～78分</li>
chiba,chibant,千葉ニュータウン高花,75500,,,,,,,印西市高花1-6,1-6-16号棟,鉄筋コンクリート造,5,N,506号室,3LDK,81,5,70600,4900,2か月,"['近居割', '近居割WIDE']",随時,https://www.ur-net.go.jp/chintai/kanto/chiba/30_4120_room.html?JKSS=106160506,<li>北総鉄道「千葉ニュータウン中央」駅バス6分 徒歩5～7分</li><li>北総鉄道「印西牧の原」駅 徒歩43～45分</li><li>JR成田線「木下」駅 徒歩73～78分</li>
chiba,naritant,成田ニュータウン加良部五丁目,50630,,,,,,,成田市加良部5-3ほか,4-2号棟,鉄筋コンクリート造,3,N,307号室,3K,50,5,47900,2730,2か月,['近居割'],随時,https://www.ur-net.go.jp/chintai/kanto/chiba/30_3020_room.html?JKSS=004020307,<li>JR成田線「成田」駅バス5分 徒歩2～6分</li><li>京成本線「公津の杜」駅 徒歩20～25分</li><li>京成本線「京成成田」バス1～8分 徒歩1～27分</li>
chiba,naritant,成田ニュータウン加良部五丁目,50630,,,,,,,成田市加良部5-3ほか,12-6号棟,鉄筋コンクリート造,3,N,306号室,3K,50,5,47900,2730,2か月,['近居割'],随時,https://www.ur-net.go.jp/chintai/kanto/chiba/30_3020_room.html?JKSS=012060306,<li>JR成田線「成田」駅バス5分 徒歩2～6分</li><li>京成本線「公津の杜」駅 徒歩20～25分</li><li>京成本線「京成成田」バス1～8分 徒歩1～27分</li>
chiba,naritant,成田ニュータウン加良部五丁目,53130,,,,,,,成田市加良部5-3ほか,4-1号棟,鉄筋コンクリート造,2,N,202号室,3K,50,5,50400,2730,2か月,['近居割'],随時,https://www.ur-net.go.jp/chintai/kanto/chiba/30_3020_room.html?JKSS=004010202,<li>JR成田線「成田」駅バス5分 徒歩2～6分</li><li>京成本線「公津の杜」駅 徒歩20～25分</li><li>京成本線「京成成田」バス1～8分 徒歩1～27分</li>
chiba,naritant,成田ニュータウン橋賀台,51970,,,,,,,成田市橋賀台1-1ほか,1-1-4号棟,鉄筋コンクリート造、鉄骨鉄筋コンクリート造,5,N,502号室,3K,50,5,49100,2870,2か月,['近居割'],随時,https://www.ur-net.go.jp/chintai/kanto/chiba/30_3030_room.html?JKSS=101040502,<li>JR成田線「成田」駅バス7分 徒歩2～8分</li><li>京成本線「公津の杜」駅 徒歩23～32分</li><li>京成本線「京成成田」駅バス10分 徒歩3～11分</li>
chiba,naritant,成田ニュータウン橋賀台,51970,,,,,,,成田市橋賀台1-1ほか,1-1-6号棟,鉄筋コンクリート造、鉄骨鉄筋コンクリート造,5,N,505号室,3K,50,5,49100,2870,2か月,['近居割'],随時,https://www.ur-net.go.jp/chintai/kanto/chiba/30_3030_room.html?JKSS=101060505,<li>JR成田線「成田」駅バス7分 徒歩2～8分</li><li>京成本線「公津の杜」駅 徒歩23～32分</li><li>京成本線「京成成田」駅バス10分 徒歩3～11分</li>
saitama,sengendai,せんげん台パークタウン三番街,85190,,,,,,,越谷市千間台西3-3,3-11号棟,鉄筋コンクリート造,5,N,503号室,3LDK,64,5,82700,2490,2か月,['近居割'],随時,https://www.ur-net.go.jp/chintai/kanto/saitama/50_2180_room.html?JKSS=003110503,<li>東武伊勢崎線「せんげん台」駅 徒歩10～13分</li><li>東武伊勢崎線「大袋」駅 徒歩25～27分</li><li>東武伊勢崎線「武里」駅 徒歩25～27分</li>
saitama,sengendai,せんげん台パークタウン三番街,88390,,,,,,,越谷市千間台西3-3,3-8号棟,鉄筋コンクリート造,5,N,502号室,3LDK,84,5,85900,2490,2か月,['近居割'],随時,https://www.ur-net.go.jp/chintai/kanto/saitama/50_2180_room.html?JKSS=003080502,<li>東武伊勢崎線「せんげん台」駅 徒歩10～13分</li><li>東武伊勢崎線「大袋」駅 徒歩25～27分</li><li>東武伊勢崎線「武里」駅 徒歩25～27分</li>
saitama,sengendai,せんげん台パークタウン三番街,100190,,,,,,,越谷市千間台西3-3,3-15号棟,鉄筋コンクリート造,4,N,405号室,4DK,72,5,97700,2490,2か月,['近居割'],随時,https://www.ur-net.go.jp/chintai/kanto/saitama/50_2180_room.html?JKSS=003150405,<li>東武伊勢崎線「せんげん台」駅 徒歩10～13分</li><li>東武伊勢崎線「大袋」駅 徒歩25～27分</li><li>東武伊勢崎線「武里」駅 徒歩25～27分</li>
saitama,misato,みさと,69700,,,,,,,三郷市彦成3ほか,3-9号棟,鉄筋コンクリート造、鉄骨鉄筋コンクリート造,5,N,504号室,2LDK,48,5,66700,3000,2か月,"['近居割', '近居割WIDE']",随時,https://www.ur-net.go.jp/chintai/kanto/saitama/50_1561_room.html?JKSS=000309504,<li>JR武蔵野線「新三郷」駅 徒歩6～25分</li><li>JR武蔵野線「吉川美南」駅 徒歩12～29分</li><li>JR武蔵野線「新三郷」駅バス1～6分 徒歩1～5分</li>
saitama,misato,みさと,84500,,,,,,,三郷市彦成3ほか,9-11号棟,鉄筋コンクリート造、鉄骨鉄筋コンクリート造,7,N,705号室,3LDK,91,8,81500,3000,2か月,"['近居割', '近居割WIDE']",随時,https://www.ur-net.go.jp/chintai/kanto/saitama/50_1561_room.html?JKSS=009110705,<li>JR武蔵野線「新三郷」駅 徒歩6～25分</li><li>JR武蔵野線「吉川美南」駅 徒歩12～29分</li><li>JR武蔵野線「新三郷」駅バス1～6分 徒歩1～5分</li>
saitama,misato,みさと,93600,,,,,,,三郷市彦成3ほか,10-8号棟,鉄筋コンクリート造、鉄骨鉄筋コンクリート造,5,N,508号室,3LDK,83,8,90600,3000,2か月,"['近居割', '近居割WIDE']",随時,https://www.ur-net.go.jp/chintai/kanto/saitama/50_1561_room.html?JKSS=010080508,<li>JR武蔵野線「新三郷」駅 徒歩6～25分</li><li>JR武蔵野線「吉川美南」駅 徒歩12～29分</li><li>JR武蔵野線「新三郷」駅バス1～6分 徒歩1～5分</li>
saitama,misato,みさと,95600,,,,,,,三郷市彦成3ほか,10-13号棟,鉄筋コンクリート造、鉄骨鉄筋コンクリート造,5,N,502号室,3LDK,84,11,92600,3000,2か月,"['近居割', '近居割WIDE']",随時,https://www.ur-net.go.jp/chintai/kanto/saitama/50_1561_room.html?JKSS=010130502,<li>JR武蔵野線「新三郷」駅 徒歩6～25分</li><li>JR武蔵野線「吉川美南」駅 徒歩12～29分</li><li>JR武蔵野線「新三郷」駅バス1～6分 徒歩1～5分</li>
saitama,shinkoshigaya,コンフォール草加,119000,,,,,,,草加市中央2-5ほか,7号棟,鉄筋コンクリート造,5,N,511号室,1LDK,59,6,115400,3600,2か月,"['近居割', '近居割WIDE']",随時,https://www.ur-net.go.jp/chintai/kanto/saitama/50_3910_room.html?JKSS=000070511,<li>東武伊勢崎線「草加」駅 徒歩8～11分</li><li>東武伊勢崎線「谷塚」駅 徒歩26～29分</li><li>東武伊勢崎線「獨協大学前」駅 徒歩27～30分</li>
saitama,sengendai,わし宮,28300,,,,,,,久喜市上内478,3-6号棟,鉄筋コンクリート造,5,N,503号室,2DK,41,5,25100,3200,2か月,['URライト(定期借家)'],随時,https://www.ur-net.go.jp/chintai/kanto/saitama/50_1430_room.html?JKSS=000306503,<li>東武伊勢崎線「鷲宮」駅 徒歩14～20分</li><li>JR東北本線「東鷲宮」駅 徒歩22～33分</li><li>JR東北本線「久喜」駅 徒歩41～47分</li>
saitama,sengendai,わし宮,32300,,,,,,,久喜市上内478,3-2号棟,鉄筋コンクリート造,2,N,201号室,2DK,41,5,29100,3200,2か月,['URライト(定期借家)'],随時,https://www.ur-net.go.jp/chintai/kanto/saitama/50_1430_room.html?JKSS=000302201,<li>東武伊勢崎線「鷲宮」駅 徒歩14～20分</li><li>JR東北本線「東鷲宮」駅 徒歩22～33分</li><li>JR東北本線「久喜」駅 徒歩41～47分</li>
saitama,sengendai,わし宮,36700,,,,,,,久喜市上内478,2-18号棟,鉄筋コンクリート造,4,N,401号室,2DK,41,5,33500,3200,2か月,['近居割WIDE'],随時,https://www.ur-net.go.jp/chintai/kanto/saitama/50_1430_room.html?JKSS=000218401,<li>東武伊勢崎線「鷲宮」駅 徒歩14～20分</li><li>JR東北本線「東鷲宮」駅 徒歩22～33分</li><li>JR東北本線「久喜」駅 徒歩41～47分</li>
saitama,sengendai,わし宮,38100,,,,,,,久喜市上内478,3-2号棟,鉄筋コンクリート造,1,N,104号室,3DK,52,5,34900,3200,2か月,['URライト(定期借家)'],随時,https://www.ur-net.go.jp/chintai/kanto/saitama/50_1430_room.html?JKSS=000302104,<li>東武伊勢崎線「鷲宮」駅 徒歩14～20分</li><li>JR東北本線「東鷲宮」駅 徒歩22～33分</li><li>JR東北本線「久喜」駅 徒歩41～47分</li>
saitama,sengendai,わし宮,38700,,,,,,,久喜市上内478,3-10号棟,鉄筋コンクリート造,3,N,304号室,3DK,52,5,35500,3200,2か月,['URライト(定期借家)'],随時,https://www.ur-net.go.jp/chintai/kanto/saitama/50_1430_room.html?JKSS=000310304,<li>東武伊勢崎線「鷲宮」駅 徒歩14～20分</li><li>JR東北本線「東鷲宮」駅 徒歩22～33分</li><li>JR東北本線「久喜」駅 徒歩41～47分</li>
saitama,shinkoshigaya,八潮,53100,,,,,,,八潮市大字八條1567,5号棟,鉄筋コンクリート造,5,N,508号室,3DK,51,5,49400,3700,2か月,['近居割'],随時,https://www.ur-net.go.jp/chintai/kanto/saitama/50_1390_room.html?JKSS=000005508,<li>東武伊勢崎線「草加」駅バス22分 徒歩1～5分</li><li>東武伊勢崎線「獨協大学前」駅バス10～17分 徒歩1～6分</li><li>つくばエクスプレス「八潮」駅バス20分 徒歩1～5分</li>
saitama,sengendai,幸手,42600,,,,,,,幸手市栄,4-14号棟,鉄筋コンクリート造、鉄骨鉄筋コンクリート造,4,N,407号室,3K,47,5,40300,2300,2か月,['フリレ１か月'],2024年4月26日以降,https://www.ur-net.go.jp/chintai/kanto/saitama/50_1520_room.html?JKSS=000414407,<li>東武日光線「杉戸高野台」駅 徒歩9～17分</li>
saitama,sengendai,幸手,42600,,,,,,,幸手市栄,4-15号棟,鉄筋コンクリート造、鉄骨鉄筋コンクリート造,4,N,402号室,3K,47,5,40300,2300,2か月,['フリレ１か月'],随時,https://www.ur-net.go.jp/chintai/kanto/saitama/50_1520_room.html?JKSS=000415402,<li>東武日光線「杉戸高野台」駅 徒歩9～17分</li>
saitama,sengendai,幸手,42600,,,,,,,幸手市栄,4-15号棟,鉄筋コンクリート造、鉄骨鉄筋コンクリート造,4,N,410号室,2DK,47,5,40300,2300,2か月,"['近居割', '近居割WIDE']",随時,https://www.ur-net.go.jp/chintai/kanto/saitama/50_1520_room.html?JKSS=000415410,<li>東武日光線「杉戸高野台」駅 徒歩9～17分</li>
saitama,sengendai,幸手,43100,,,,,,,幸手市栄,2-1号棟,鉄筋コンクリート造、鉄骨鉄筋コンクリート造,5,N,502号室,3K,52,5,40800,2300,2か月,"['近居割', '近居割WIDE']",随時,https://www.ur-net.go.jp/chintai/kanto/saitama/50_1520_room.html?JKSS=000201502,<li>東武日光線「杉戸高野台」駅 徒歩9～17分</li>
saitama,sengendai,幸手,43100,,,,,,,幸手市栄,5-12号棟,鉄筋コンクリート造、鉄骨鉄筋コンクリート造,5,N,501号室,2LDK,52,5,40800,2300,2か月,"['近居割', '近居割WIDE']",随時,https://www.ur-net.go.jp/chintai/kanto/saitama/50_1520_room.html?JKSS=000512501,<li>東武日光線「杉戸高野台」駅 徒歩9～17分</li>
saitama,higashiomiya,北大宮,80750,,,,,,,さいたま市北区植竹町1-60-1,,鉄筋コンクリート造,4,N,401号室,3DK,64,5,75800,4950,2か月,['近居割'],随時,https://www.ur-net.go.jp/chintai/kanto/saitama/50_1810_room.html?JKSS=000000401,<li>東武アーバンパークライン「北大宮」駅 徒歩7分</li>
saitama,higashiomiya,北大宮,82350,,,,,,,さいたま市北区植竹町1-60-1,,鉄筋コンクリート造,3,N,302号室,3DK,64,5,77400,4950,2か月,['近居割'],2024年4月26日以降,https://www.ur-net.go.jp/chintai/kanto/saitama/50_1810_room.html?JKSS=000000302,<li>東武アーバンパークライン「北大宮」駅 徒歩7分</li>
saitama,higashiomiya,コンフォール西本郷,100300,,,,,,,さいたま市北区本郷町17-1,9号棟,鉄筋コンクリート造,3,N,302号室,1LDK,52,10,96200,4100,2か月,['近居割'],随時,https://www.ur-net.go.jp/chintai/kanto/saitama/50_3860_room.html?JKSS=000090302,<li>JR東北本線「土呂」駅 徒歩11～14分</li><li>ニューシャトル伊奈線「加茂宮」駅 徒歩12～14分</li><li>東武野田線「大宮公園」駅 徒歩17～23分</li>
saitama,higashiomiya,コンフォール大宮植竹,152300,,,,,,,さいたま市北区植竹町1-362,7号棟,鉄筋コンクリート造,4,N,405号室,4LDK,94,4,148500,3800,2か月,['近居割'],随時,https://www.ur-net.go.jp/chintai/kanto/saitama/50_3690_room.html?JKSS=000070405,<li>JR東北本線「土呂」駅 徒歩13～16分</li><li>東武野田線「北大宮」駅 徒歩12～16分</li><li>JR京浜東北・根岸線「大宮」駅バス6分 徒歩4～7分</li>
saitama,minamiurawa,浦和別所ハイツ,109200,,,,,,,さいたま市南区別所2-38,5号棟,鉄筋コンクリート造,5,N,501号室,1LDK,53,5,106700,2500,2か月,['近居割'],随時,https://www.ur-net.go.jp/chintai/kanto/saitama/50_2420_room.html?JKSS=000050501,<li>JR埼京線「武蔵浦和」駅 徒歩11～12分</li><li>JR埼京線「中浦和」駅 徒歩9～11分</li><li>JR東北本線「浦和」駅バス6分 徒歩6～8分</li>
saitama,minamiurawa,浦和別所ハイツ,109300,,,,,,,さいたま市南区別所2-38,7号棟,鉄筋コンクリート造,4,N,404号室,1LDK,53,4,106800,2500,2か月,['近居割'],随時,https://www.ur-net.go.jp/chintai/kanto/saitama/50_2420_room.html?JKSS=000070404,<li>JR埼京線「武蔵浦和」駅 徒歩11～12分</li><li>JR埼京線「中浦和」駅 徒歩9～11分</li><li>JR東北本線「浦和」駅バス6分 徒歩6～8分</li>
saitama,minamiurawa,コンフォール南浦和,126920,,,,,,,さいたま市南区南浦和3-18ほか,15号棟,鉄筋コンクリート造,7,N,703号室,2DK,55,10,122600,4320,2か月,"['近居割', '近居割WIDE']",2024年4月26日以降,https://www.ur-net.go.jp/chintai/kanto/saitama/50_3931_room.html?JKSS=000150703,<li>JR京浜東北・根岸線「南浦和」駅 徒歩9～12分</li><li>JR東北本線「浦和」駅 徒歩30～33分</li><li>JR埼京線「武蔵浦和」駅 徒歩37～40分</li>
saitama,minamiurawa,南浦和第二,132100,,,,,,,さいたま市南区南浦和3-49-53,53号棟,鉄骨鉄筋コンクリート造,4,N,406号室,3LDK,69,10,127100,5000,2か月,"['近居割', '近居割WIDE']",随時,https://www.ur-net.go.jp/chintai/kanto/saitama/50_2450_room.html?JKSS=000530406,<li>JR京浜東北線ほか「南浦和」駅 徒歩10分</li>
saitama,kawaguchi,川口芝園,85970,,,,,,,川口市芝園町3,4号棟,鉄骨鉄筋コンクリート造,6,N,628号室,1LDK,45,10,82800,3170,2か月,"['近居割', '近居割WIDE']",随時,https://www.ur-net.go.jp/chintai/kanto/saitama/50_1820_room.html?JKSS=000040628,<li>JR京浜東北・根岸線「蕨」駅 徒歩10～15分</li><li>JR埼京線「戸田」駅 徒歩27～32分</li><li>JR武蔵野線「南浦和」駅 徒歩28～34分</li>
saitama,kawaguchi,アーバンハイツ南前川,114600,,,,,,,川口市南前川2-21-10,,鉄筋コンクリート造,3,N,302号室,3LDK,73,5,110800,3800,2か月,['近居割'],随時,https://www.ur-net.go.jp/chintai/kanto/saitama/50_2220_room.html?JKSS=000000302,<li>JR京浜東北線「蕨」駅 バス7分 徒歩1分</li><li>JR京浜東北線「西川口」駅 バス8分 徒歩1分</li>
saitama,higashiomiya,アーバンみらい東大宮　東一番街,73300,,,,,,,さいたま市見沼区春野1-6ほか,5-7号棟,鉄筋コンクリート造,5,N,508号室,3DK,68,5,70400,2900,2か月,"['近居割', '近居割WIDE']",随時,https://www.ur-net.go.jp/chintai/kanto/saitama/50_2790_room.html?JKSS=005070508,<li>JR東北本線「東大宮」駅バス14分 徒歩1～5分</li><li>東武野田線「七里」駅 徒歩36～39分</li><li>東武野田線「岩槻」駅 徒歩37～41分</li>
saitama,higashiomiya,アーバンみらい東大宮　東一番街,74700,,,,,,,さいたま市見沼区春野1-6ほか,5-6号棟,鉄筋コンクリート造,5,N,503号室,3LDK,75,5,71800,2900,2か月,"['近居割', '近居割WIDE']",随時,https://www.ur-net.go.jp/chintai/kanto/saitama/50_2790_room.html?JKSS=005060503,<li>JR東北本線「東大宮」駅バス14分 徒歩1～5分</li><li>東武野田線「七里」駅 徒歩36～39分</li><li>東武野田線「岩槻」駅 徒歩37～41分</li>
saitama,higashiomiya,アーバンみらい東大宮　西一番街,84800,,,,,,,さいたま市見沼区春野2-4,5号棟,鉄筋コンクリート造,5,N,508号室,4LDK,92,5,81700,3100,2か月,"['近居割', '近居割WIDE']",随時,https://www.ur-net.go.jp/chintai/kanto/saitama/50_3160_room.html?JKSS=000050508,<li>JR東北本線「東大宮」駅バス10分 徒歩4～6分</li><li>東武野田線「七里」駅バス9分 徒歩4～6分</li><li>JR東北本線「蓮田」駅 徒歩44～46分</li>
saitama,minamiurawa,アーバンハイツ与野,118800,,,,,,,さいたま市中央区大字下落合1006,1号棟,鉄筋コンクリート造,3,N,307号室,1LDK,52,10,113500,5300,2か月,['近居割'],随時,https://www.ur-net.go.jp/chintai/kanto/saitama/50_3270_room.html?JKSS=000010307,<li>JR京浜東北・根岸線「与野」駅 徒歩5～7分</li><li>JR埼京線「北与野」駅 徒歩14～15分</li><li>JR東北本線「さいたま新都心」駅 徒歩15～16分</li>
saitama,ageo,パークシティ鴻巣　駅前プラザ第三,72800,,,,,,,鴻巣市赤見台1-13ほか,2号棟,鉄筋コンクリート造,5,N,502号室,3DK,63,5,69800,3000,2か月,['近居割'],随時,https://www.ur-net.go.jp/chintai/kanto/saitama/50_2940_room.html?JKSS=000020502,<li>JR高崎線「北鴻巣」駅 徒歩3～4分</li><li>JR高崎線「吹上」駅 徒歩42～44分</li><li>JR高崎線「鴻巣」駅 徒歩56～59分</li>
saitama,ageo,西上尾第二,40800,,,,,,,上尾市小敷谷77-1,3-13号棟,鉄筋コンクリート造,5,N,503号室,2DK,41,5,37800,3000,2か月,"['近居割', '近居割WIDE']",随時,https://www.ur-net.go.jp/chintai/kanto/saitama/50_1270_room.html?JKSS=000313503,<li>JR高崎線「上尾」駅バス13分 徒歩1～7分</li><li>JR高崎線「北上尾」駅 徒歩55～65分</li><li>JR京浜東北・根岸線「大宮」駅バス22～25分 徒歩3～15分</li>
saitama,higashiomiya,原市,43150,,,,,,,上尾市大字原市3336,3-2号棟,鉄筋コンクリート造,3,N,301号室,2DK,41,5,40000,3150,2か月,"['近居割', '近居割WIDE']",随時,https://www.ur-net.go.jp/chintai/kanto/saitama/50_1090_room.html?JKSS=000302301,<li>ニューシャトル伊奈線「原市」駅 徒歩10～18分</li><li>ニューシャトル伊奈線「沼南」駅 徒歩9～19分</li><li>JR東北本線「東大宮」駅バス7～11分 徒歩1～7分</li>
saitama,higashiomiya,尾山台,54100,,,,,,,上尾市大字瓦葺2716,2-8号棟,鉄筋コンクリート造,5,N,503号室,3DK,50,5,50800,3300,2か月,"['近居割', '近居割WIDE']",随時,https://www.ur-net.go.jp/chintai/kanto/saitama/50_1100_room.html?JKSS=000208503,<li>JR東北本線「東大宮」駅 徒歩13～25分</li><li>湘南新宿ライン「東大宮」駅バス2～5分 徒歩1～3分</li><li>ニューシャトル伊奈線「沼南」駅バス8～9分 徒歩1～5分</li>
saitama,higashiomiya,尾山台,54700,,,,,,,上尾市大字瓦葺2716,5-8号棟,鉄筋コンクリート造,4,N,406号室,2DK,45,5,51400,3300,2か月,"['近居割', '近居割WIDE']",随時,https://www.ur-net.go.jp/chintai/kanto/saitama/50_1100_room.html?JKSS=000508406,<li>JR東北本線「東大宮」駅 徒歩13～25分</li><li>湘南新宿ライン「東大宮」駅バス2～5分 徒歩1～3分</li><li>ニューシャトル伊奈線「沼南」駅バス8～9分 徒歩1～5分</li>
saitama,ageo,北本,41400,,,,,,,北本市栄7,2-5号棟,鉄筋コンクリート造,4,N,402号室,2DK,45,5,38100,3300,2か月,"['近居割', '近居割WIDE']",随時,https://www.ur-net.go.jp/chintai/kanto/saitama/50_1400_room.html?JKSS=000205402,<li>JR高崎線「北本」駅バス4～12分 徒歩1～5分</li><li>JR高崎線「桶川」駅 徒歩30～57分</li><li>JR高崎線「鴻巣」駅 徒歩45～79分</li>
saitama,ageo,北本,45100,,,,,,,北本市栄7,1-17号棟,鉄筋コンクリート造,5,N,506号室,3K,52,5,41800,3300,2か月,"['近居割', '近居割WIDE']",随時,https://www.ur-net.go.jp/chintai/kanto/saitama/50_1400_room.html?JKSS=000117506,<li>JR高崎線「北本」駅バス4～12分 徒歩1～5分</li><li>JR高崎線「桶川」駅 徒歩30～57分</li><li>JR高崎線「鴻巣」駅 徒歩45～79分</li>
saitama,ageo,北本,48300,,,,,,,北本市栄7,3-19号棟,鉄筋コンクリート造,2,N,202号室,3K,50,5,45000,3300,2か月,"['近居割', '近居割WIDE']",随時,https://www.ur-net.go.jp/chintai/kanto/saitama/50_1400_room.html?JKSS=000319202,<li>JR高崎線「北本」駅バス4～12分 徒歩1～5分</li><li>JR高崎線「桶川」駅 徒歩30～57分</li><li>JR高崎線「鴻巣」駅 徒歩45～79分</li>
saitama,shiki,朝霞膝折第二,88600,,,,,,,朝霞市膝折町2-8,2号棟,鉄骨鉄筋コンクリート造,2,N,202号室,3DK,63,8,84500,4100,2か月,['近居割'],随時,https://www.ur-net.go.jp/chintai/kanto/saitama/50_1960_room.html?JKSS=000020202,<li>東武東上線「朝霞」駅バス8分 徒歩5分</li><li>東武東上線「志木」駅バス14分 徒歩6分</li><li>JR武蔵野線「北朝霞」駅バス8分 徒歩4～6分</li>
saitama,shiki,コンフォール東朝霞,157600,,,,,,,朝霞市仲町2-1ほか,2号棟,鉄筋コンクリート造,5,N,506号室,3LDK,72,10,153300,4300,2か月,['近居割'],随時,https://www.ur-net.go.jp/chintai/kanto/saitama/50_4011_room.html?JKSS=000020506,<li>東武東上線「朝霞」駅 徒歩1～4分</li><li>東武東上線「和光市」駅 徒歩18～21分</li><li>JR武蔵野線「北朝霞」駅 徒歩36～39分</li>
saitama,kamifukuoka,アルビス鶴瀬,93400,,,,,,,富士見市鶴瀬西2-7,1号棟,鉄筋コンクリート造,9,N,905号室,2DK,47,11,87900,5500,2か月,"['近居割', '近居割WIDE']",随時,https://www.ur-net.go.jp/chintai/kanto/saitama/50_3470_room.html?JKSS=000010905,<li>東武東上線「鶴瀬」駅 徒歩7～10分</li><li>東武東上線「みずほ台」駅 徒歩23～26分</li><li>東武東上線「ふじみ野」駅 徒歩29～33分</li>
saitama,kamifukuoka,アルビス鶴瀬,111000,,,,,,,富士見市鶴瀬西2-7,4号棟,鉄筋コンクリート造,8,N,801号室,2LDK,66,9,105500,5500,2か月,"['近居割', '近居割WIDE']",随時,https://www.ur-net.go.jp/chintai/kanto/saitama/50_3470_room.html?JKSS=000040801,<li>東武東上線「鶴瀬」駅 徒歩7～10分</li><li>東武東上線「みずほ台」駅 徒歩23～26分</li><li>東武東上線「ふじみ野」駅 徒歩29～33分</li>
saitama,kamifukuoka,コンフォール鶴瀬,92300,,,,,,,富士見市鶴瀬西2-3ほか,6号棟,鉄筋コンクリート造,4,N,403号室,1DK,43,10,88200,4100,2か月,"['近居割', '近居割WIDE']",随時,https://www.ur-net.go.jp/chintai/kanto/saitama/50_4100_room.html?JKSS=000060403,<li>東武東上線「鶴瀬」駅 徒歩6～10分</li><li>東武東上線「みずほ台」駅 徒歩24～28分</li><li>東武東上線「ふじみ野」駅 徒歩26～31分</li>
saitama,kamifukuoka,コンフォール鶴瀬,108000,,,,,,,富士見市鶴瀬西2-3ほか,6号棟,鉄筋コンクリート造,9,N,904号室,1LDK,50,10,103900,4100,2か月,"['近居割', '近居割WIDE']",随時,https://www.ur-net.go.jp/chintai/kanto/saitama/50_4100_room.html?JKSS=000060904,<li>東武東上線「鶴瀬」駅 徒歩6～10分</li><li>東武東上線「みずほ台」駅 徒歩24～28分</li><li>東武東上線「ふじみ野」駅 徒歩26～31分</li>
saitama,kamifukuoka,コンフォール鶴瀬,110100,,,,,,,富士見市鶴瀬西2-3ほか,5号棟,鉄筋コンクリート造,11,N,1101号室,2DK,56,14,106000,4100,2か月,"['近居割', '近居割WIDE']",随時,https://www.ur-net.go.jp/chintai/kanto/saitama/50_4100_room.html?JKSS=000051101,<li>東武東上線「鶴瀬」駅 徒歩6～10分</li><li>東武東上線「みずほ台」駅 徒歩24～28分</li><li>東武東上線「ふじみ野」駅 徒歩26～31分</li>
saitama,wakaba,北坂戸,54140,,,,,,,坂戸市溝端町1ほか,12-12号棟,鉄筋コンクリート造、鉄骨鉄筋コンクリート造,5,N,508号室,2LDK,53,5,51700,2440,2か月,"['近居割', '近居割WIDE']",随時,https://www.ur-net.go.jp/chintai/kanto/saitama/50_1590_room.html?JKSS=012120508,<li>東武東上線「北坂戸」駅 徒歩2～11分</li><li>東武東上線「坂戸」駅 徒歩23～34分</li><li>東武東上線「若葉」駅 徒歩41～49分</li><li>東武東上線「高坂」駅 徒歩47～52分</li>
saitama,wakaba,北坂戸駅前第二ハイツ,79800,,,,,,,坂戸市芦山町1,,鉄骨鉄筋コンクリート造（一部鉄筋コンクリート造）,4,N,412号室,2DK,61,8,76700,3100,2か月,"['近居割', '近居割WIDE']",随時,https://www.ur-net.go.jp/chintai/kanto/saitama/50_2540_room.html?JKSS=000000412,<li>東武東上線「北坂戸」駅 徒歩1分</li>
saitama,wakaba,かわつるグリーンタウン　新鶴,63220,,,,,,,鶴ヶ島市南町2-1,5号棟,鉄筋コンクリート造,5,N,505号室,3LDK,80,5,60500,2720,2か月,"['近居割', '近居割WIDE']",随時,https://www.ur-net.go.jp/chintai/kanto/saitama/50_2100_room.html?JKSS=000050505,<li>東武東上線「鶴ケ島」駅バス4～9分 徒歩1～4分</li><li>JR川越線「笠幡」駅 徒歩27～30分</li><li>JR川越線「的場」駅 徒歩39～42分</li>
saitama,wakaba,かわつるグリーンタウン　新鶴,70820,,,,,,,鶴ヶ島市南町2-1,2号棟,鉄筋コンクリート造,3,N,305号室,3LDK,77,5,68100,2720,2か月,"['近居割', '近居割WIDE']",随時,https://www.ur-net.go.jp/chintai/kanto/saitama/50_2100_room.html?JKSS=000020305,<li>東武東上線「鶴ケ島」駅バス4～9分 徒歩1～4分</li><li>JR川越線「笠幡」駅 徒歩27～30分</li><li>JR川越線「的場」駅 徒歩39～42分</li>
saitama,wakaba,かわつるグリーンタウン　新鶴,73020,,,,,,,鶴ヶ島市南町2-1,2号棟,鉄筋コンクリート造,2,N,208号室,3LDK,77,5,70300,2720,2か月,"['近居割', '近居割WIDE']",随時,https://www.ur-net.go.jp/chintai/kanto/saitama/50_2100_room.html?JKSS=000020208,<li>東武東上線「鶴ケ島」駅バス4～9分 徒歩1～4分</li><li>JR川越線「笠幡」駅 徒歩27～30分</li><li>JR川越線「的場」駅 徒歩39～42分</li>
saitama,wakaba,かわつるグリーンタウン　松ヶ丘,69500,,,,,,,鶴ヶ島市松ヶ丘4-1,9号棟,鉄筋コンクリート造,5,N,502号室,3LDK,67,5,66500,3000,2か月,"['近居割', '近居割WIDE']",2024年4月26日以降,https://www.ur-net.go.jp/chintai/kanto/saitama/50_2360_room.html?JKSS=000090502,<li>東武東上線「鶴ケ島」駅バス3分 徒歩1～4分</li><li>東武東上線「鶴ケ島」駅 徒歩19～23分</li><li>JR川越線「笠幡」駅バス18分 徒歩8～12分</li>
saitama,wakaba,かわつるグリーンタウン　松ヶ丘,71000,,,,,,,鶴ヶ島市松ヶ丘4-1,2号棟,鉄筋コンクリート造,4,N,407号室,3LDK,67,5,68000,3000,2か月,"['近居割', '近居割WIDE']",随時,https://www.ur-net.go.jp/chintai/kanto/saitama/50_2360_room.html?JKSS=000020407,<li>東武東上線「鶴ケ島」駅バス3分 徒歩1～4分</li><li>東武東上線「鶴ケ島」駅 徒歩19～23分</li><li>JR川越線「笠幡」駅バス18分 徒歩8～12分</li>
saitama,wakaba,かわつるグリーンタウン　松ヶ丘,72100,,,,,,,鶴ヶ島市松ヶ丘4-1,7号棟,鉄筋コンクリート造,5,N,503号室,3LDK,70,5,69100,3000,2か月,"['近居割', '近居割WIDE']",随時,https://www.ur-net.go.jp/chintai/kanto/saitama/50_2360_room.html?JKSS=000070503,<li>東武東上線「鶴ケ島」駅バス3分 徒歩1～4分</li><li>東武東上線「鶴ケ島」駅 徒歩19～23分</li><li>JR川越線「笠幡」駅バス18分 徒歩8～12分</li>
saitama,wakaba,かわつるグリーンタウン　松ヶ丘,72200,,,,,,,鶴ヶ島市松ヶ丘4-1,2号棟,鉄筋コンクリート造,3,N,303号室,3LDK,67,5,69200,3000,2か月,"['近居割', '近居割WIDE']",随時,https://www.ur-net.go.jp/chintai/kanto/saitama/50_2360_room.html?JKSS=000020303,<li>東武東上線「鶴ケ島」駅バス3分 徒歩1～4分</li><li>東武東上線「鶴ケ島」駅 徒歩19～23分</li><li>JR川越線「笠幡」駅バス18分 徒歩8～12分</li>
saitama,wakaba,かわつるグリーンタウン　松ヶ丘,73600,,,,,,,鶴ヶ島市松ヶ丘4-1,1号棟,鉄筋コンクリート造,4,N,407号室,3LDK,70,5,70600,3000,2か月,"['近居割', '近居割WIDE']",随時,https://www.ur-net.go.jp/chintai/kanto/saitama/50_2360_room.html?JKSS=000010407,<li>東武東上線「鶴ケ島」駅バス3分 徒歩1～4分</li><li>東武東上線「鶴ケ島」駅 徒歩19～23分</li><li>JR川越線「笠幡」駅バス18分 徒歩8～12分</li>
saitama,kamifukuoka,コンフォール霞ヶ丘,90200,,,,,,,ふじみ野市霞ヶ丘1-4ほか,6号棟,鉄筋コンクリート造,1,N,102号室,2DK,53,14,85400,4800,2か月,"['近居割', '近居割WIDE']",随時,https://www.ur-net.go.jp/chintai/kanto/saitama/50_3770_room.html?JKSS=000060102,<li>東武東上線「上福岡」駅 徒歩2～8分</li><li>東武東上線「ふじみ野」駅 徒歩28～34分</li><li>東武東上線「新河岸」駅 徒歩27～32分</li>
saitama,kamifukuoka,コンフォール霞ヶ丘,98600,,,,,,,ふじみ野市霞ヶ丘1-4ほか,30号棟,鉄筋コンクリート造,6,N,601号室,2DK,49,8,93800,4800,2か月,"['近居割', '近居割WIDE']",随時,https://www.ur-net.go.jp/chintai/kanto/saitama/50_3770_room.html?JKSS=000300601,<li>東武東上線「上福岡」駅 徒歩2～8分</li><li>東武東上線「ふじみ野」駅 徒歩28～34分</li><li>東武東上線「新河岸」駅 徒歩27～32分</li>
saitama,kamifukuoka,コンフォール上野台,102300,,,,,,,ふじみ野市上野台1-1ほか,13号棟,鉄筋コンクリート造,2,N,204号室,2DK,55,6,98500,3800,2か月,"['近居割', '近居割WIDE']",随時,https://www.ur-net.go.jp/chintai/kanto/saitama/50_4030_room.html?JKSS=000130204,<li>東武東上線「上福岡」駅 徒歩9～12分</li><li>東武東上線「ふじみ野」駅 徒歩26～36分</li><li>東武東上線「新河岸」駅 徒歩34～39分</li>
saitama,kawagoe,狭山台,52100,,,,,,,狭山市狭山台1-31ほか,1-2号棟,鉄筋コンクリート造、鉄骨鉄筋コンクリート造,7,N,701号室,2DK,43,8,48600,3500,2か月,"['近居割', '近居割WIDE']",随時,https://www.ur-net.go.jp/chintai/kanto/saitama/50_1670_room.html?JKSS=001020701,<li>西武新宿線「狭山市」駅バス6～10分 徒歩1～4分</li><li>西武新宿線「新狭山」駅 徒歩22～33分</li><li>西武新宿線「入曽」駅 徒歩41～53分</li>
saitama,kawagoe,狭山台,55000,,,,,,,狭山市狭山台1-31ほか,1-12号棟,鉄筋コンクリート造、鉄骨鉄筋コンクリート造,3,N,305号室,2DK,47,5,51500,3500,2か月,"['近居割', '近居割WIDE']",随時,https://www.ur-net.go.jp/chintai/kanto/saitama/50_1670_room.html?JKSS=001120305,<li>西武新宿線「狭山市」駅バス6～10分 徒歩1～4分</li><li>西武新宿線「新狭山」駅 徒歩22～33分</li><li>西武新宿線「入曽」駅 徒歩41～53分</li>
saitama,kawagoe,狭山台,58600,,,,,,,狭山市狭山台1-31ほか,3-5号棟,鉄筋コンクリート造、鉄骨鉄筋コンクリート造,1,N,104号室,3K,50,5,55100,3500,2か月,"['近居割', '近居割WIDE']",随時,https://www.ur-net.go.jp/chintai/kanto/saitama/50_1670_room.html?JKSS=003050104,<li>西武新宿線「狭山市」駅バス6～10分 徒歩1～4分</li><li>西武新宿線「新狭山」駅 徒歩22～33分</li><li>西武新宿線「入曽」駅 徒歩41～53分</li>
saitama,kawagoe,狭山台,59900,,,,,,,狭山市狭山台1-31ほか,3-5号棟,鉄筋コンクリート造、鉄骨鉄筋コンクリート造,2,N,202号室,3K,50,5,56400,3500,2か月,"['近居割', '近居割WIDE']",随時,https://www.ur-net.go.jp/chintai/kanto/saitama/50_1670_room.html?JKSS=003050202,<li>西武新宿線「狭山市」駅バス6～10分 徒歩1～4分</li><li>西武新宿線「新狭山」駅 徒歩22～33分</li><li>西武新宿線「入曽」駅 徒歩41～53分</li>
saitama,shiki,西大和,45900,<li>東武東上線「和光市」駅,13,19,,,,和光市西大和団地,4-5号棟,鉄筋コンクリート造,4,N,410号室,1DK,29,5,42200,3700,2か月,['URライト(定期借家)'],随時,https://www.ur-net.go.jp/chintai/kanto/saitama/50_1010_room.html?JKSS=000405410,<li>東武東上線「和光市」駅 徒歩13～19分 または バス3～4分 徒歩1～4分</li><li>東武東上線「成増」駅バス11～12分 徒歩1～4分</li>
saitama,shiki,西大和,53700,<li>東武東上線「和光市」駅,13,19,,,,和光市西大和団地,3-6号棟,鉄筋コンクリート造,5,N,504号室,3K,45,5,50000,3700,2か月,['URライト(定期借家)'],2024年4月26日以降,https://www.ur-net.go.jp/chintai/kanto/saitama/50_1010_room.html?JKSS=000306504,<li>東武東上線「和光市」駅 徒歩13～19分 または バス3～4分 徒歩1～4分</li><li>東武東上線「成増」駅バス11～12分 徒歩1～4分</li>
saitama,shiki,新座,74500,,,,,,,新座市新座3,5-8号棟,鉄筋コンクリート造,5,N,502号室,2LDK,52,5,71300,3200,2か月,"['近居割', '近居割WIDE']",随時,https://www.ur-net.go.jp/chintai/kanto/saitama/50_1310_room.html?JKSS=000508502,<li>東武東上線「柳瀬川」駅 徒歩15～22分</li><li>東武東上線「志木」駅バス11分 徒歩1～6分</li><li>JR武蔵野線「新座」駅 徒歩28～36分</li>
saitama,shiki,新座,77000,,,,,,,新座市新座3,5-4号棟,鉄筋コンクリート造,4,N,402号室,2LDK,52,5,73800,3200,2か月,"['近居割', '近居割WIDE']",随時,https://www.ur-net.go.jp/chintai/kanto/saitama/50_1310_room.html?JKSS=000504402,<li>東武東上線「柳瀬川」駅 徒歩15～22分</li><li>東武東上線「志木」駅バス11分 徒歩1～6分</li><li>JR武蔵野線「新座」駅 徒歩28～36分</li>
saitama,kawagoe,こま川,34600,,,,,,,日高市下鹿山494,2-18号棟,鉄筋コンクリート造,4,N,401号室,2DK,41,5,31700,2900,2か月,['近居割'],随時,https://www.ur-net.go.jp/chintai/kanto/saitama/50_1460_room.html?JKSS=000218401,<li>JR川越線「武蔵高萩」駅バス5～10分 徒歩2～5分</li><li>JR川越線「高麗川」駅バス8～9分 徒歩2～5分</li><li>西武池袋線「飯能」駅バス28～29分 徒歩2～5分</li>
saitama,kawagoe,こま川,37900,,,,,,,日高市下鹿山494,1-32号棟,鉄筋コンクリート造,3,N,303号室,2DK,41,5,35000,2900,2か月,['近居割'],随時,https://www.ur-net.go.jp/chintai/kanto/saitama/50_1460_room.html?JKSS=000132303,<li>JR川越線「武蔵高萩」駅バス5～10分 徒歩2～5分</li><li>JR川越線「高麗川」駅バス8～9分 徒歩2～5分</li><li>西武池袋線「飯能」駅バス28～29分 徒歩2～5分</li>
saitama,kawagoe,こま川,40300,,,,,,,日高市下鹿山494,1-27号棟,鉄筋コンクリート造,5,N,504号室,3DK,52,5,37400,2900,2か月,['近居割'],随時,https://www.ur-net.go.jp/chintai/kanto/saitama/50_1460_room.html?JKSS=000127504,<li>JR川越線「武蔵高萩」駅バス5～10分 徒歩2～5分</li><li>JR川越線「高麗川」駅バス8～9分 徒歩2～5分</li><li>西武池袋線「飯能」駅バス28～29分 徒歩2～5分</li>
saitama,kawagoe,こま川,41200,,,,,,,日高市下鹿山494,2-5号棟,鉄筋コンクリート造,3,N,302号室,3K,47,5,38300,2900,2か月,['近居割'],随時,https://www.ur-net.go.jp/chintai/kanto/saitama/50_1460_room.html?JKSS=000205302,<li>JR川越線「武蔵高萩」駅バス5～10分 徒歩2～5分</li><li>JR川越線「高麗川」駅バス8～9分 徒歩2～5分</li><li>西武池袋線「飯能」駅バス28～29分 徒歩2～5分</li>
saitama,kawagoe,こま川,44100,,,,,,,日高市下鹿山494,2-4号棟,鉄筋コンクリート造,3,N,302号室,3DK,52,5,41200,2900,2か月,['近居割'],随時,https://www.ur-net.go.jp/chintai/kanto/saitama/50_1460_room.html?JKSS=000204302,<li>JR川越線「武蔵高萩」駅バス5～10分 徒歩2～5分</li><li>JR川越線「高麗川」駅バス8～9分 徒歩2～5分</li><li>西武池袋線「飯能」駅バス28～29分 徒歩2～5分</li>
